path,changed_since_5b7,changed_since_d6da,is_backend_or_frontend_code
.emergent/emergent.yml,True,True,False
.emergent/markers/.restore-complete,True,False,False
backend/config_catalog_ai.py,True,False,True
backend/config_catalog_ops.py,True,False,True
backend/routers/cash.py,True,False,True
backend/routers/crm.py,True,False,True
backend/routers/dashboard.py,True,True,True
backend/routers/home.py,True,False,True
backend/routers/landed_cost.py,True,True,True
backend/routers/products.py,True,True,True
backend/routers/purchase_orders.py,True,True,True
backend/routers/sales_orders.py,True,True,True
backend/routers/special_orders.py,True,True,True
backend/routers/vendor_bills.py,True,True,True
backend/routers/work_desks.py,True,True,True
backend/scripts/demo_api.py,True,False,True
backend/scripts/import_stok_awal_kn.py,True,False,True
backend/scripts/seed_demo_lengkap_kn.py,True,False,True
backend/scripts/seed_demo_transaksi_kn.py,True,False,True
backend/services/amendment_service.py,True,True,True
backend/services/approval_matrix_service.py,True,True,True
backend/services/backorder_service.py,True,True,True
backend/services/contra_bon_service.py,True,True,True
backend/services/customer_service.py,True,False,True
backend/services/fulfillment_decision_service.py,True,True,True
backend/services/fulfillment_plan_service.py,True,True,True
backend/services/fulfillment_service.py,True,False,True
backend/services/home_service.py,True,False,True
backend/services/interco_return_service.py,True,True,True
backend/services/period_unlock_service.py,True,True,True
backend/services/pos_recommendation_service.py,True,True,True
backend/services/sales_force_service.py,True,False,True
backend/services/sales_order_helpers.py,True,True,True
backend/services/sales_stock_service.py,True,True,True
backend/tests/audit_numbers.py,True,False,True
backend/tests/iter149_numbers_sweep.py,True,False,True
backend/tests/test_admin_bypass_and_fulfillment_plan.py,True,True,True
backend/tests/test_global_stock.py,True,True,True
backend/tests/test_iter149_audit.py,True,False,True
backend/tests/test_iter150_atp_board.py,True,False,True
backend/tests/test_iter153_real_fulfillment_e2e.py,True,True,True
backend/tests/test_iter265_r3r4r5.py,True,False,True
deploy/DEMO_LENGKAP_VPS.md,True,False,False
deploy/setup_demo_lengkap.sh,True,False,False
docs/DEPLOY_VPS.md,True,False,False
docs/audit/ia/dialogscan_1.json,True,False,False
docs/audit/ia/dialogscan_2.json,True,False,False
docs/audit/ia/uiscan_1.json,True,False,False
docs/audit/ia/uiscan_2.json,True,False,False
docs/audit/ia/uiscan_3.json,True,False,False
docs/audit/ia/views.json,True,False,False
docs/audit/ux-2026-10-05/LAPORAN_AUDIT_UX_2026-10-05.md,True,True,False
docs/audit/ux-2026-10-05/admin/crawl.json,True,True,False
docs/audit/ux-2026-10-05/admin/findings.json,True,True,False
docs/audit/ux-2026-10-05/admin/shots/admin.jpg,True,True,False
docs/audit/ux-2026-10-05/admin/shots/admin__admin-tab-audit-button.jpg,True,True,False
docs/audit/ux-2026-10-05/admin/shots/admin__admin-tab-integrations-button.jpg,True,True,False
docs/audit/ux-2026-10-05/admin/shots/advance-report.jpg,True,True,False
docs/audit/ux-2026-10-05/admin/shots/amendments.jpg,True,True,False
docs/audit/ux-2026-10-05/admin/shots/amendments__amd-tab-alasan.jpg,True,True,False
docs/audit/ux-2026-10-05/admin/shots/amendments__amd-tab-daftar.jpg,True,True,False
docs/audit/ux-2026-10-05/admin/shots/approval-inbox.jpg,True,True,False
docs/audit/ux-2026-10-05/admin/shots/approval-inbox__approval-inbox-tab-all.jpg,True,True,False
docs/audit/ux-2026-10-05/admin/shots/approval-inbox__approval-inbox-tab-amendment.jpg,True,True,False
docs/audit/ux-2026-10-05/admin/shots/approval-inbox__approval-inbox-tab-credit.jpg,True,True,False
docs/audit/ux-2026-10-05/admin/shots/approval-inbox__approval-inbox-tab-cycle.jpg,True,True,False
docs/audit/ux-2026-10-05/admin/shots/approval-inbox__approval-inbox-tab-po.jpg,True,True,False
docs/audit/ux-2026-10-05/admin/shots/approval-inbox__approval-inbox-tab-price.jpg,True,True,False
docs/audit/ux-2026-10-05/admin/shots/approval-inbox__approval-inbox-tab-returns.jpg,True,True,False
docs/audit/ux-2026-10-05/admin/shots/approval-inbox__approval-inbox-tab-sales_order.jpg,True,True,False
docs/audit/ux-2026-10-05/admin/shots/approval-rules.jpg,True,True,False
docs/audit/ux-2026-10-05/admin/shots/ar-aging.jpg,True,True,False
docs/audit/ux-2026-10-05/admin/shots/bank-accounts.jpg,True,True,False
docs/audit/ux-2026-10-05/admin/shots/bank-reconciliation.jpg,True,True,False
docs/audit/ux-2026-10-05/admin/shots/bank-reconciliation__recon-tab-formats.jpg,True,True,False
docs/audit/ux-2026-10-05/admin/shots/bank-reconciliation__recon-tab-holding.jpg,True,True,False
docs/audit/ux-2026-10-05/admin/shots/bank-reconciliation__recon-tab-lines.jpg,True,True,False
docs/audit/ux-2026-10-05/admin/shots/bank-reconciliation__recon-tab-rules.jpg,True,True,False
docs/audit/ux-2026-10-05/admin/shots/bi-finance.jpg,True,True,False
docs/audit/ux-2026-10-05/admin/shots/blanket-po.jpg,True,True,False
docs/audit/ux-2026-10-05/admin/shots/blanket-po__blanket-tab-active.jpg,True,True,False
docs/audit/ux-2026-10-05/admin/shots/blanket-po__blanket-tab-all.jpg,True,True,False
docs/audit/ux-2026-10-05/admin/shots/blanket-po__blanket-tab-closed.jpg,True,True,False
docs/audit/ux-2026-10-05/admin/shots/blanket-po__blanket-tab-exhausted.jpg,True,True,False
docs/audit/ux-2026-10-05/admin/shots/blanket-po__blanket-tab-expired.jpg,True,True,False
docs/audit/ux-2026-10-05/admin/shots/budget.jpg,True,True,False
docs/audit/ux-2026-10-05/admin/shots/budget__budget-tab-account.jpg,True,True,False
docs/audit/ux-2026-10-05/admin/shots/budget__budget-tab-category.jpg,True,True,False
docs/audit/ux-2026-10-05/admin/shots/cash-advances.jpg,True,True,False
docs/audit/ux-2026-10-05/admin/shots/cash-advances__ca-tab-all.jpg,True,True,False
docs/audit/ux-2026-10-05/admin/shots/cash-advances__ca-tab-approved.jpg,True,True,False
docs/audit/ux-2026-10-05/admin/shots/cash-advances__ca-tab-disbursed.jpg,True,True,False
docs/audit/ux-2026-10-05/admin/shots/cash-advances__ca-tab-draft.jpg,True,True,False
docs/audit/ux-2026-10-05/admin/shots/cash-advances__ca-tab-pending_atasan.jpg,True,True,False
docs/audit/ux-2026-10-05/admin/shots/cash-advances__ca-tab-rejected.jpg,True,True,False
docs/audit/ux-2026-10-05/admin/shots/cash-advances__ca-tab-settled.jpg,True,True,False
docs/audit/ux-2026-10-05/admin/shots/cash-management.jpg,True,True,False
docs/audit/ux-2026-10-05/admin/shots/cashflow-forecast.jpg,True,True,False
docs/audit/ux-2026-10-05/admin/shots/chart-of-accounts.jpg,True,True,False
docs/audit/ux-2026-10-05/admin/shots/closing.jpg,True,True,False
docs/audit/ux-2026-10-05/admin/shots/color-library.jpg,True,True,False
docs/audit/ux-2026-10-05/admin/shots/consolidation.jpg,True,True,False
docs/audit/ux-2026-10-05/admin/shots/consolidation__cons-tab-bs.jpg,True,True,False
docs/audit/ux-2026-10-05/admin/shots/consolidation__cons-tab-elim.jpg,True,True,False
docs/audit/ux-2026-10-05/admin/shots/consolidation__cons-tab-pnl.jpg,True,True,False
docs/audit/ux-2026-10-05/admin/shots/contra-bons.jpg,True,True,False
docs/audit/ux-2026-10-05/admin/shots/contra-bons__cb-tab-list.jpg,True,True,False
docs/audit/ux-2026-10-05/admin/shots/contra-bons__cb-tab-schedules.jpg,True,True,False
docs/audit/ux-2026-10-05/admin/shots/contra-bons__cb-tab-unbilled.jpg,True,True,False
docs/audit/ux-2026-10-05/admin/shots/costing.jpg,True,True,False
docs/audit/ux-2026-10-05/admin/shots/cs-bi-hrd.jpg,True,True,False
docs/audit/ux-2026-10-05/admin/shots/cs-design-gallery.jpg,True,True,False
docs/audit/ux-2026-10-05/admin/shots/cs-kpi.jpg,True,True,False
docs/audit/ux-2026-10-05/admin/shots/cs-pajak.jpg,True,True,False
docs/audit/ux-2026-10-05/admin/shots/cs-pajak__tax-tab-config.jpg,True,True,False
docs/audit/ux-2026-10-05/admin/shots/cs-pajak__tax-tab-pph.jpg,True,True,False
docs/audit/ux-2026-10-05/admin/shots/cs-pajak__tax-tab-ppn.jpg,True,True,False
docs/audit/ux-2026-10-05/admin/shots/cs-price-list.jpg,True,True,False
docs/audit/ux-2026-10-05/admin/shots/cs-rfid-devices.jpg,True,True,False
docs/audit/ux-2026-10-05/admin/shots/cs-rfid-gate.jpg,True,True,False
docs/audit/ux-2026-10-05/admin/shots/cs-rfid-gate__gate-tab-monitor.jpg,True,True,False
docs/audit/ux-2026-10-05/admin/shots/cs-rfid-gate__gate-tab-security.jpg,True,True,False
docs/audit/ux-2026-10-05/admin/shots/cs-rfid-lokasi.jpg,True,True,False
docs/audit/ux-2026-10-05/admin/shots/cs-rfid-lokasi__loc-tab-cc.jpg,True,True,False
docs/audit/ux-2026-10-05/admin/shots/cs-rfid-lokasi__loc-tab-lokasi.jpg,True,True,False
docs/audit/ux-2026-10-05/admin/shots/cs-rfid-tags.jpg,True,True,False
docs/audit/ux-2026-10-05/admin/shots/cs-rfid-tags__rfid-tab-print.jpg,True,True,False
docs/audit/ux-2026-10-05/admin/shots/cs-rfid-tags__rfid-tab-tags.jpg,True,True,False
docs/audit/ux-2026-10-05/admin/shots/cs-rfid-tags__rfid-tab-untagged.jpg,True,True,False
docs/audit/ux-2026-10-05/admin/shots/cs-stock-analytics.jpg,True,True,False
docs/audit/ux-2026-10-05/admin/shots/customers-crm.jpg,True,True,False
docs/audit/ux-2026-10-05/admin/shots/customers-crm__crm-tab-approvals.jpg,True,True,False
docs/audit/ux-2026-10-05/admin/shots/customers-crm__crm-tab-collection.jpg,True,True,False
docs/audit/ux-2026-10-05/admin/shots/customers-crm__crm-tab-customers.jpg,True,True,False
docs/audit/ux-2026-10-05/admin/shots/customers-crm__crm-tab-interactions.jpg,True,True,False
docs/audit/ux-2026-10-05/admin/shots/customers-crm__crm-tab-leads.jpg,True,True,False
docs/audit/ux-2026-10-05/admin/shots/customers-crm__crm-tab-rates.jpg,True,True,False
docs/audit/ux-2026-10-05/admin/shots/customers-crm__crm-tab-salesforce.jpg,True,True,False
docs/audit/ux-2026-10-05/admin/shots/customers-crm__crm-tab-schemes.jpg,True,True,False
docs/audit/ux-2026-10-05/admin/shots/customers-master.jpg,True,True,False
docs/audit/ux-2026-10-05/admin/shots/design-requests.jpg,True,True,False
docs/audit/ux-2026-10-05/admin/shots/design-requests__dsr-tab-board.jpg,True,True,False
docs/audit/ux-2026-10-05/admin/shots/design-requests__dsr-tab-list.jpg,True,True,False
docs/audit/ux-2026-10-05/admin/shots/design-requests__dsr-tab-report.jpg,True,True,False
docs/audit/ux-2026-10-05/admin/shots/designer-kpi.jpg,True,True,False
docs/audit/ux-2026-10-05/admin/shots/doc-templates-basic.jpg,True,True,False
docs/audit/ux-2026-10-05/admin/shots/doc-trace.jpg,True,True,False
docs/audit/ux-2026-10-05/admin/shots/document-center.jpg,True,True,False
docs/audit/ux-2026-10-05/admin/shots/documents.jpg,True,True,False
docs/audit/ux-2026-10-05/admin/shots/domain-registry.jpg,True,True,False
docs/audit/ux-2026-10-05/admin/shots/entities-access.jpg,True,True,False
docs/audit/ux-2026-10-05/admin/shots/entities-access__entities-access-tab-accounts.jpg,True,True,False
docs/audit/ux-2026-10-05/admin/shots/entities-access__entities-access-tab-entities.jpg,True,True,False
docs/audit/ux-2026-10-05/admin/shots/entities-access__entities-access-tab-readiness.jpg,True,True,False
docs/audit/ux-2026-10-05/admin/shots/entities-access__entities-access-tab-role-reality.jpg,True,True,False
docs/audit/ux-2026-10-05/admin/shots/entities-access__entities-access-tab-roles.jpg,True,True,False
docs/audit/ux-2026-10-05/admin/shots/entity-masters.jpg,True,True,False
docs/audit/ux-2026-10-05/admin/shots/escalations.jpg,True,True,False
docs/audit/ux-2026-10-05/admin/shots/expense-categories.jpg,True,True,False
docs/audit/ux-2026-10-05/admin/shots/finance-cases.jpg,True,True,False
docs/audit/ux-2026-10-05/admin/shots/finance-desk.jpg,True,True,False
docs/audit/ux-2026-10-05/admin/shots/finance-tower.jpg,True,True,False
docs/audit/ux-2026-10-05/admin/shots/financial-statements.jpg,True,True,False
docs/audit/ux-2026-10-05/admin/shots/financial-statements__fs-tab-bs.jpg,True,True,False
docs/audit/ux-2026-10-05/admin/shots/financial-statements__fs-tab-cf.jpg,True,True,False
docs/audit/ux-2026-10-05/admin/shots/financial-statements__fs-tab-eq.jpg,True,True,False
docs/audit/ux-2026-10-05/admin/shots/financial-statements__fs-tab-pl.jpg,True,True,False
docs/audit/ux-2026-10-05/admin/shots/fixed-assets.jpg,True,True,False
docs/audit/ux-2026-10-05/admin/shots/general-ledger.jpg,True,True,False
docs/audit/ux-2026-10-05/admin/shots/general-ledger__gl-tab-journal.jpg,True,True,False
docs/audit/ux-2026-10-05/admin/shots/general-ledger__gl-tab-ledger.jpg,True,True,False
docs/audit/ux-2026-10-05/admin/shots/general-ledger__gl-tab-recon.jpg,True,True,False
docs/audit/ux-2026-10-05/admin/shots/general-ledger__gl-tab-suspense.jpg,True,True,False
docs/audit/ux-2026-10-05/admin/shots/general-ledger__gl-tab-trial.jpg,True,True,False
docs/audit/ux-2026-10-05/admin/shots/goods-receipts.jpg,True,True,False
docs/audit/ux-2026-10-05/admin/shots/goods-receipts__grn-view-tab-list.jpg,True,True,False
docs/audit/ux-2026-10-05/admin/shots/goods-receipts__grn-view-tab-mode.jpg,True,True,False
docs/audit/ux-2026-10-05/admin/shots/goods-receipts__grn-view-tab-profiles.jpg,True,True,False
docs/audit/ux-2026-10-05/admin/shots/goods-receipts__grn-view-tab-samples.jpg,True,True,False
docs/audit/ux-2026-10-05/admin/shots/goods-receipts__grn-view-tab-usage.jpg,True,True,False
docs/audit/ux-2026-10-05/admin/shots/goods-receipts__grn-view-tab-variance.jpg,True,True,False
docs/audit/ux-2026-10-05/admin/shots/home.jpg,True,True,False
docs/audit/ux-2026-10-05/admin/shots/hr-attendance-setup.jpg,True,True,False
docs/audit/ux-2026-10-05/admin/shots/hr-attendance-setup__setup-tab-device.jpg,True,True,False
docs/audit/ux-2026-10-05/admin/shots/hr-attendance-setup__setup-tab-geofence.jpg,True,True,False
docs/audit/ux-2026-10-05/admin/shots/hr-attendance-setup__setup-tab-shift.jpg,True,True,False
docs/audit/ux-2026-10-05/admin/shots/hr-attendance.jpg,True,True,False
docs/audit/ux-2026-10-05/admin/shots/hr-attendance__attendance-tab-harian.jpg,True,True,False
docs/audit/ux-2026-10-05/admin/shots/hr-attendance__attendance-tab-import.jpg,True,True,False
docs/audit/ux-2026-10-05/admin/shots/hr-attendance__attendance-tab-rekap.jpg,True,True,False
docs/audit/ux-2026-10-05/admin/shots/hr-employees.jpg,True,True,False
docs/audit/ux-2026-10-05/admin/shots/hr-leave.jpg,True,True,False
docs/audit/ux-2026-10-05/admin/shots/hr-leave__leave-tab-balance.jpg,True,True,False
docs/audit/ux-2026-10-05/admin/shots/hr-leave__leave-tab-calendar.jpg,True,True,False
docs/audit/ux-2026-10-05/admin/shots/hr-leave__leave-tab-requests.jpg,True,True,False
docs/audit/ux-2026-10-05/admin/shots/hr-live-tracking.jpg,True,True,False
docs/audit/ux-2026-10-05/admin/shots/hr-my-profile.jpg,True,True,False
docs/audit/ux-2026-10-05/admin/shots/hr-org-units.jpg,True,True,False
docs/audit/ux-2026-10-05/admin/shots/hr-overtime.jpg,True,True,False
docs/audit/ux-2026-10-05/admin/shots/hr-payroll-runs.jpg,True,True,False
docs/audit/ux-2026-10-05/admin/shots/hr-payslips.jpg,True,True,False
docs/audit/ux-2026-10-05/admin/shots/hr-visits.jpg,True,True,False
docs/audit/ux-2026-10-05/admin/shots/input-tax.jpg,True,True,False
docs/audit/ux-2026-10-05/admin/shots/input-tax__it-tab-all.jpg,True,True,False
docs/audit/ux-2026-10-05/admin/shots/input-tax__it-tab-cancelled.jpg,True,True,False
docs/audit/ux-2026-10-05/admin/shots/input-tax__it-tab-recorded.jpg,True,True,False
docs/audit/ux-2026-10-05/admin/shots/inspections.jpg,True,True,False
docs/audit/ux-2026-10-05/admin/shots/interco-transactions.jpg,True,True,False
docs/audit/ux-2026-10-05/admin/shots/interco-transactions__interco-tab-returns.jpg,True,True,False
docs/audit/ux-2026-10-05/admin/shots/interco-transactions__interco-tab-transactions.jpg,True,True,False
docs/audit/ux-2026-10-05/admin/shots/interco-transfers.jpg,True,True,False
docs/audit/ux-2026-10-05/admin/shots/internal-requests.jpg,True,True,False
docs/audit/ux-2026-10-05/admin/shots/internal-requests__pin-tab-all.jpg,True,True,False
docs/audit/ux-2026-10-05/admin/shots/internal-requests__pin-tab-cancelled.jpg,True,True,False
docs/audit/ux-2026-10-05/admin/shots/internal-requests__pin-tab-converted.jpg,True,True,False
docs/audit/ux-2026-10-05/admin/shots/internal-requests__pin-tab-rejected.jpg,True,True,False
docs/audit/ux-2026-10-05/admin/shots/internal-requests__pin-tab-submitted.jpg,True,True,False
docs/audit/ux-2026-10-05/admin/shots/inventory-board.jpg,True,True,False
docs/audit/ux-2026-10-05/admin/shots/inventory-lots.jpg,True,True,False
docs/audit/ux-2026-10-05/admin/shots/landed-cost.jpg,True,True,False
docs/audit/ux-2026-10-05/admin/shots/landed-cost__lc-tab-all.jpg,True,True,False
docs/audit/ux-2026-10-05/admin/shots/landed-cost__lc-tab-applied.jpg,True,True,False
docs/audit/ux-2026-10-05/admin/shots/landed-cost__lc-tab-cancelled.jpg,True,True,False
docs/audit/ux-2026-10-05/admin/shots/landed-cost__lc-tab-draft.jpg,True,True,False
docs/audit/ux-2026-10-05/admin/shots/landed-cost__lc-tab-paid.jpg,True,True,False
docs/audit/ux-2026-10-05/admin/shots/landed-cost__lc-tab-pending_approval.jpg,True,True,False
docs/audit/ux-2026-10-05/admin/shots/logistics.jpg,True,True,False
docs/audit/ux-2026-10-05/admin/shots/logistics__logistics-tab-dashboard.jpg,True,True,False
docs/audit/ux-2026-10-05/admin/shots/logistics__logistics-tab-fleet.jpg,True,True,False
docs/audit/ux-2026-10-05/admin/shots/logistics__logistics-tab-history.jpg,True,True,False
docs/audit/ux-2026-10-05/admin/shots/logistics__logistics-tab-list.jpg,True,True,False
docs/audit/ux-2026-10-05/admin/shots/makloon-claims.jpg,True,True,False
docs/audit/ux-2026-10-05/admin/shots/makloon-orders.jpg,True,True,False
docs/audit/ux-2026-10-05/admin/shots/makloons.jpg,True,True,False
docs/audit/ux-2026-10-05/admin/shots/md-categories.jpg,True,True,False
docs/audit/ux-2026-10-05/admin/shots/md-desk.jpg,True,True,False
docs/audit/ux-2026-10-05/admin/shots/md-products.jpg,True,True,False
docs/audit/ux-2026-10-05/admin/shots/md-uoms.jpg,True,True,False
docs/audit/ux-2026-10-05/admin/shots/md-warehouses.jpg,True,True,False
docs/audit/ux-2026-10-05/admin/shots/mkt-accounts.jpg,True,True,False
docs/audit/ux-2026-10-05/admin/shots/mkt-analytics.jpg,True,True,False
docs/audit/ux-2026-10-05/admin/shots/mkt-calendar.jpg,True,True,False
docs/audit/ux-2026-10-05/admin/shots/mkt-campaigns.jpg,True,True,False
docs/audit/ux-2026-10-05/admin/shots/my-approvals.jpg,True,True,False
docs/audit/ux-2026-10-05/admin/shots/my-desk.jpg,True,True,False
docs/audit/ux-2026-10-05/admin/shots/operations.jpg,True,True,False
docs/audit/ux-2026-10-05/admin/shots/operations__wms-tab-inbound.jpg,True,True,False
docs/audit/ux-2026-10-05/admin/shots/operations__wms-tab-stok.jpg,True,True,False
docs/audit/ux-2026-10-05/admin/shots/orders.jpg,True,True,False
docs/audit/ux-2026-10-05/admin/shots/payment-plans.jpg,True,True,False
docs/audit/ux-2026-10-05/admin/shots/payment-plans__pp-tab-denda.jpg,True,True,False
docs/audit/ux-2026-10-05/admin/shots/payment-plans__pp-tab-jadwal.jpg,True,True,False
docs/audit/ux-2026-10-05/admin/shots/payment-plans__pp-tab-selisih.jpg,True,True,False
docs/audit/ux-2026-10-05/admin/shots/pdf-templates.jpg,True,True,False
docs/audit/ux-2026-10-05/admin/shots/pdf-templates__pdf-tab-kop.jpg,True,True,False
docs/audit/ux-2026-10-05/admin/shots/pdf-templates__pdf-tab-layout.jpg,True,True,False
docs/audit/ux-2026-10-05/admin/shots/pdf-templates__pdf-tab-naskah.jpg,True,True,False
docs/audit/ux-2026-10-05/admin/shots/pdf-templates__pdf-tab-typografi.jpg,True,True,False
docs/audit/ux-2026-10-05/admin/shots/period-unlock.jpg,True,True,False
docs/audit/ux-2026-10-05/admin/shots/permission-matrix.jpg,True,True,False
docs/audit/ux-2026-10-05/admin/shots/po-board.jpg,True,True,False
docs/audit/ux-2026-10-05/admin/shots/po-board__po-board-tab-all.jpg,True,True,False
docs/audit/ux-2026-10-05/admin/shots/po-board__po-board-tab-knit.jpg,True,True,False
docs/audit/ux-2026-10-05/admin/shots/po-board__po-board-tab-printing.jpg,True,True,False
docs/audit/ux-2026-10-05/admin/shots/po-board__po-board-tab-woven.jpg,True,True,False
docs/audit/ux-2026-10-05/admin/shots/posting-failures.jpg,True,True,False
docs/audit/ux-2026-10-05/admin/shots/price-approvals.jpg,True,True,False
docs/audit/ux-2026-10-05/admin/shots/pricelist.jpg,True,True,False
docs/audit/ux-2026-10-05/admin/shots/process-recipes.jpg,True,True,False
docs/audit/ux-2026-10-05/admin/shots/production.jpg,True,True,False
docs/audit/ux-2026-10-05/admin/shots/production__prod-tab-bom.jpg,True,True,False
docs/audit/ux-2026-10-05/admin/shots/production__prod-tab-wo.jpg,True,True,False
docs/audit/ux-2026-10-05/admin/shots/profitability.jpg,True,True,False
docs/audit/ux-2026-10-05/admin/shots/purchase-approval.jpg,True,True,False
docs/audit/ux-2026-10-05/admin/shots/purchase-approval__po-approval-tab-approved.jpg,True,True,False
docs/audit/ux-2026-10-05/admin/shots/purchase-approval__po-approval-tab-rejected.jpg,True,True,False
docs/audit/ux-2026-10-05/admin/shots/purchase-approval__po-approval-tab-waiting.jpg,True,True,False
docs/audit/ux-2026-10-05/admin/shots/purchase-requisitions.jpg,True,True,False
docs/audit/ux-2026-10-05/admin/shots/purchase-requisitions__pr-tab-all.jpg,True,True,False
docs/audit/ux-2026-10-05/admin/shots/purchase-requisitions__pr-tab-approved.jpg,True,True,False
docs/audit/ux-2026-10-05/admin/shots/purchase-requisitions__pr-tab-converted.jpg,True,True,False
docs/audit/ux-2026-10-05/admin/shots/purchase-requisitions__pr-tab-draft.jpg,True,True,False
docs/audit/ux-2026-10-05/admin/shots/purchase-requisitions__pr-tab-pending_approval.jpg,True,True,False
docs/audit/ux-2026-10-05/admin/shots/purchase-requisitions__pr-tab-rejected.jpg,True,True,False
docs/audit/ux-2026-10-05/admin/shots/purchase-returns.jpg,True,True,False
docs/audit/ux-2026-10-05/admin/shots/purchase-returns__pret-tab-all.jpg,True,True,False
docs/audit/ux-2026-10-05/admin/shots/purchase-returns__pret-tab-approved.jpg,True,True,False
docs/audit/ux-2026-10-05/admin/shots/purchase-returns__pret-tab-draft.jpg,True,True,False
docs/audit/ux-2026-10-05/admin/shots/purchase-returns__pret-tab-pending_approval.jpg,True,True,False
docs/audit/ux-2026-10-05/admin/shots/purchase-returns__pret-tab-rejected.jpg,True,True,False
docs/audit/ux-2026-10-05/admin/shots/purchasing.jpg,True,True,False
docs/audit/ux-2026-10-05/admin/shots/purchasing__po-tab-all.jpg,True,True,False
docs/audit/ux-2026-10-05/admin/shots/purchasing__po-tab-approval.jpg,True,True,False
docs/audit/ux-2026-10-05/admin/shots/purchasing__po-tab-closed.jpg,True,True,False
docs/audit/ux-2026-10-05/admin/shots/purchasing__po-tab-done.jpg,True,True,False
docs/audit/ux-2026-10-05/admin/shots/purchasing__po-tab-inbound.jpg,True,True,False
docs/audit/ux-2026-10-05/admin/shots/qc-inspection.jpg,True,True,False
docs/audit/ux-2026-10-05/admin/shots/reimburse-payables.jpg,True,True,False
docs/audit/ux-2026-10-05/admin/shots/reorder.jpg,True,True,False
docs/audit/ux-2026-10-05/admin/shots/reports.jpg,True,True,False
docs/audit/ux-2026-10-05/admin/shots/return-policies.jpg,True,True,False
docs/audit/ux-2026-10-05/admin/shots/returns.jpg,True,True,False
docs/audit/ux-2026-10-05/admin/shots/rfq.jpg,True,True,False
docs/audit/ux-2026-10-05/admin/shots/rfq__rfq-tab-all.jpg,True,True,False
docs/audit/ux-2026-10-05/admin/shots/rfq__rfq-tab-awarded.jpg,True,True,False
docs/audit/ux-2026-10-05/admin/shots/rfq__rfq-tab-cancelled.jpg,True,True,False
docs/audit/ux-2026-10-05/admin/shots/rfq__rfq-tab-draft.jpg,True,True,False
docs/audit/ux-2026-10-05/admin/shots/rfq__rfq-tab-open.jpg,True,True,False
docs/audit/ux-2026-10-05/admin/shots/rnd-designs.jpg,True,True,False
docs/audit/ux-2026-10-05/admin/shots/rnd-divisions.jpg,True,True,False
docs/audit/ux-2026-10-05/admin/shots/rnd-handfeel.jpg,True,True,False
docs/audit/ux-2026-10-05/admin/shots/rnd-labdip.jpg,True,True,False
docs/audit/ux-2026-10-05/admin/shots/rnd-proofing.jpg,True,True,False
docs/audit/ux-2026-10-05/admin/shots/rnd-reports.jpg,True,True,False
docs/audit/ux-2026-10-05/admin/shots/rnd-samples.jpg,True,True,False
docs/audit/ux-2026-10-05/admin/shots/sales-admin-desk.jpg,True,True,False
docs/audit/ux-2026-10-05/admin/shots/sales.jpg,True,True,False
docs/audit/ux-2026-10-05/admin/shots/sample-admin-desk.jpg,True,True,False
docs/audit/ux-2026-10-05/admin/shots/sample-orders.jpg,True,True,False
docs/audit/ux-2026-10-05/admin/shots/scheduler.jpg,True,True,False
docs/audit/ux-2026-10-05/admin/shots/scheduler__sched-tab-jobs.jpg,True,True,False
docs/audit/ux-2026-10-05/admin/shots/scheduler__sched-tab-runs.jpg,True,True,False
docs/audit/ux-2026-10-05/admin/shots/scheduler__sched-tab-wa.jpg,True,True,False
docs/audit/ux-2026-10-05/admin/shots/settings-config.jpg,True,True,False
docs/audit/ux-2026-10-05/admin/shots/settings-config__cfg-tab-health.jpg,True,True,False
docs/audit/ux-2026-10-05/admin/shots/settings-config__cfg-tab-history.jpg,True,True,False
docs/audit/ux-2026-10-05/admin/shots/settings-config__cfg-tab-hygiene.jpg,True,True,False
docs/audit/ux-2026-10-05/admin/shots/settings-config__cfg-tab-impact.jpg,True,True,False
docs/audit/ux-2026-10-05/admin/shots/settings-config__cfg-tab-saga.jpg,True,True,False
docs/audit/ux-2026-10-05/admin/shots/settings-config__cfg-tab-settings.jpg,True,True,False
docs/audit/ux-2026-10-05/admin/shots/settlements.jpg,True,True,False
docs/audit/ux-2026-10-05/admin/shots/settlements__stl-tab-all.jpg,True,True,False
docs/audit/ux-2026-10-05/admin/shots/settlements__stl-tab-draft.jpg,True,True,False
docs/audit/ux-2026-10-05/admin/shots/settlements__stl-tab-posted_to_gl.jpg,True,True,False
docs/audit/ux-2026-10-05/admin/shots/settlements__stl-tab-rejected.jpg,True,True,False
docs/audit/ux-2026-10-05/admin/shots/settlements__stl-tab-submitted.jpg,True,True,False
docs/audit/ux-2026-10-05/admin/shots/special-orders.jpg,True,True,False
docs/audit/ux-2026-10-05/admin/shots/special-orders__status-tab-all.jpg,True,True,False
docs/audit/ux-2026-10-05/admin/shots/special-orders__status-tab-confirmed.jpg,True,True,False
docs/audit/ux-2026-10-05/admin/shots/special-orders__status-tab-done.jpg,True,True,False
docs/audit/ux-2026-10-05/admin/shots/special-orders__status-tab-draft.jpg,True,True,False
docs/audit/ux-2026-10-05/admin/shots/special-orders__status-tab-in_production.jpg,True,True,False
docs/audit/ux-2026-10-05/admin/shots/special-orders__status-tab-pending_approval.jpg,True,True,False
docs/audit/ux-2026-10-05/admin/shots/special-orders__status-tab-ready.jpg,True,True,False
docs/audit/ux-2026-10-05/admin/shots/special-orders__status-tab-shipped.jpg,True,True,False
docs/audit/ux-2026-10-05/admin/shots/stock-buckets.jpg,True,True,False
docs/audit/ux-2026-10-05/admin/shots/stock-buckets__sb-tab-board.jpg,True,True,False
docs/audit/ux-2026-10-05/admin/shots/stock-buckets__sb-tab-holds.jpg,True,True,False
docs/audit/ux-2026-10-05/admin/shots/stock-buckets__sb-tab-pending.jpg,True,True,False
docs/audit/ux-2026-10-05/admin/shots/stock-buckets__sb-tab-wip.jpg,True,True,False
docs/audit/ux-2026-10-05/admin/shots/store-credit.jpg,True,True,False
docs/audit/ux-2026-10-05/admin/shots/supplier-contracts.jpg,True,True,False
docs/audit/ux-2026-10-05/admin/shots/supplier-items.jpg,True,True,False
docs/audit/ux-2026-10-05/admin/shots/suppliers.jpg,True,True,False
docs/audit/ux-2026-10-05/admin/shots/tanya-kn.jpg,True,True,False
docs/audit/ux-2026-10-05/admin/shots/tanya-kn__tanya-tab-cost.jpg,True,True,False
docs/audit/ux-2026-10-05/admin/shots/tanya-kn__tanya-tab-history.jpg,True,True,False
docs/audit/ux-2026-10-05/admin/shots/tanya-kn__tanya-tab-insights.jpg,True,True,False
docs/audit/ux-2026-10-05/admin/shots/tanya-kn__tanya-tab-reports.jpg,True,True,False
docs/audit/ux-2026-10-05/admin/shots/tanya-kn__tanya-tab-schedules.jpg,True,True,False
docs/audit/ux-2026-10-05/admin/shots/tax-invoices.jpg,True,True,False
docs/audit/ux-2026-10-05/admin/shots/vehicle-logs.jpg,True,True,False
docs/audit/ux-2026-10-05/admin/shots/vehicle-logs__veh-tab-logs.jpg,True,True,False
docs/audit/ux-2026-10-05/admin/shots/vehicle-logs__veh-tab-recap.jpg,True,True,False
docs/audit/ux-2026-10-05/admin/shots/vehicle-logs__veh-tab-vehicles.jpg,True,True,False
docs/audit/ux-2026-10-05/admin/shots/vendor-bills.jpg,True,True,False
docs/audit/ux-2026-10-05/admin/shots/vendor-bills__vb-tab-all.jpg,True,True,False
docs/audit/ux-2026-10-05/admin/shots/vendor-bills__vb-tab-cancelled.jpg,True,True,False
docs/audit/ux-2026-10-05/admin/shots/vendor-bills__vb-tab-draft.jpg,True,True,False
docs/audit/ux-2026-10-05/admin/shots/vendor-bills__vb-tab-paid.jpg,True,True,False
docs/audit/ux-2026-10-05/admin/shots/vendor-bills__vb-tab-pending_approval.jpg,True,True,False
docs/audit/ux-2026-10-05/admin/shots/vendor-bills__vb-tab-posted.jpg,True,True,False
docs/audit/ux-2026-10-05/admin/shots/warehouse-admin-desk.jpg,True,True,False
docs/audit/ux-2026-10-05/admin/shots/wms-locations.jpg,True,True,False
docs/audit/ux-2026-10-05/admin/shots/wms-locations__lp-tab-cuts.jpg,True,True,False
docs/audit/ux-2026-10-05/admin/shots/wms-locations__lp-tab-pa.jpg,True,True,False
docs/audit/ux-2026-10-05/admin/shots/wms-locations__lp-tab-putaway.jpg,True,True,False
docs/audit/ux-2026-10-05/admin/shots/wms-locations__lp-tab-structure.jpg,True,True,False
docs/audit/ux-2026-10-05/admin_ops/crawl.json,True,True,False
docs/audit/ux-2026-10-05/admin_ops/findings.json,True,True,False
docs/audit/ux-2026-10-05/admin_ops/shots/goods-receipts.jpg,True,True,False
docs/audit/ux-2026-10-05/admin_ops/shots/goods-receipts__grn-view-tab-list.jpg,True,True,False
docs/audit/ux-2026-10-05/admin_ops/shots/goods-receipts__grn-view-tab-mode.jpg,True,True,False
docs/audit/ux-2026-10-05/admin_ops/shots/goods-receipts__grn-view-tab-profiles.jpg,True,True,False
docs/audit/ux-2026-10-05/admin_ops/shots/goods-receipts__grn-view-tab-samples.jpg,True,True,False
docs/audit/ux-2026-10-05/admin_ops/shots/goods-receipts__grn-view-tab-usage.jpg,True,True,False
docs/audit/ux-2026-10-05/admin_ops/shots/goods-receipts__grn-view-tab-variance.jpg,True,True,False
docs/audit/ux-2026-10-05/admin_ops/shots/inventory-board.jpg,True,True,False
docs/audit/ux-2026-10-05/admin_ops/shots/logistics.jpg,True,True,False
docs/audit/ux-2026-10-05/admin_ops/shots/logistics__logistics-tab-dashboard.jpg,True,True,False
docs/audit/ux-2026-10-05/admin_ops/shots/logistics__logistics-tab-fleet.jpg,True,True,False
docs/audit/ux-2026-10-05/admin_ops/shots/logistics__logistics-tab-history.jpg,True,True,False
docs/audit/ux-2026-10-05/admin_ops/shots/logistics__logistics-tab-list.jpg,True,True,False
docs/audit/ux-2026-10-05/admin_ops/shots/operations.jpg,True,True,False
docs/audit/ux-2026-10-05/admin_ops/shots/operations__wms-tab-inbound.jpg,True,True,False
docs/audit/ux-2026-10-05/admin_ops/shots/operations__wms-tab-stok.jpg,True,True,False
docs/audit/ux-2026-10-05/finance/crawl.json,True,True,False
docs/audit/ux-2026-10-05/finance/menu.json,True,True,False
docs/audit/ux-2026-10-05/finance/shots/advance-report.jpg,True,True,False
docs/audit/ux-2026-10-05/finance/shots/ar-aging.jpg,True,True,False
docs/audit/ux-2026-10-05/finance/shots/cash-management.jpg,True,True,False
docs/audit/ux-2026-10-05/finance/shots/customers-crm.jpg,True,True,False
docs/audit/ux-2026-10-05/finance/shots/customers-crm__crm-tab-collection.jpg,True,True,False
docs/audit/ux-2026-10-05/finance/shots/customers-crm__crm-tab-customers.jpg,True,True,False
docs/audit/ux-2026-10-05/finance/shots/customers-crm__crm-tab-interactions.jpg,True,True,False
docs/audit/ux-2026-10-05/finance/shots/customers-crm__crm-tab-leads.jpg,True,True,False
docs/audit/ux-2026-10-05/finance/shots/customers-crm__crm-tab-salesforce.jpg,True,True,False
docs/audit/ux-2026-10-05/finance/shots/doc-trace.jpg,True,True,False
docs/audit/ux-2026-10-05/finance/shots/document-center.jpg,True,True,False
docs/audit/ux-2026-10-05/finance/shots/documents.jpg,True,True,False
docs/audit/ux-2026-10-05/finance/shots/finance-cases.jpg,True,True,False
docs/audit/ux-2026-10-05/finance/shots/finance-desk.jpg,True,True,False
docs/audit/ux-2026-10-05/finance/shots/finance-tower.jpg,True,True,False
docs/audit/ux-2026-10-05/finance/shots/goods-receipts.jpg,True,True,False
docs/audit/ux-2026-10-05/finance/shots/goods-receipts__grn-view-tab-list.jpg,True,True,False
docs/audit/ux-2026-10-05/finance/shots/goods-receipts__grn-view-tab-variance.jpg,True,True,False
docs/audit/ux-2026-10-05/finance/shots/hr-my-profile.jpg,True,True,False
docs/audit/ux-2026-10-05/finance/shots/orders.jpg,True,True,False
docs/audit/ux-2026-10-05/finance/shots/payment-plans.jpg,True,True,False
docs/audit/ux-2026-10-05/finance/shots/payment-plans__pp-tab-denda.jpg,True,True,False
docs/audit/ux-2026-10-05/finance/shots/payment-plans__pp-tab-jadwal.jpg,True,True,False
docs/audit/ux-2026-10-05/finance/shots/payment-plans__pp-tab-selisih.jpg,True,True,False
docs/audit/ux-2026-10-05/finance/shots/purchasing.jpg,True,True,False
docs/audit/ux-2026-10-05/finance/shots/purchasing__po-tab-all.jpg,True,True,False
docs/audit/ux-2026-10-05/finance/shots/purchasing__po-tab-approval.jpg,True,True,False
docs/audit/ux-2026-10-05/finance/shots/purchasing__po-tab-closed.jpg,True,True,False
docs/audit/ux-2026-10-05/finance/shots/purchasing__po-tab-done.jpg,True,True,False
docs/audit/ux-2026-10-05/finance/shots/purchasing__po-tab-inbound.jpg,True,True,False
docs/audit/ux-2026-10-05/finance/shots/returns.jpg,True,True,False
docs/audit/ux-2026-10-05/finance/shots/sample-orders.jpg,True,True,False
docs/audit/ux-2026-10-05/finance/shots/store-credit.jpg,True,True,False
docs/audit/ux-2026-10-05/finance/shots/tanya-kn.jpg,True,True,False
docs/audit/ux-2026-10-05/finance/shots/tanya-kn__tanya-tab-cost.jpg,True,True,False
docs/audit/ux-2026-10-05/finance/shots/tanya-kn__tanya-tab-history.jpg,True,True,False
docs/audit/ux-2026-10-05/finance/shots/tanya-kn__tanya-tab-insights.jpg,True,True,False
docs/audit/ux-2026-10-05/finance/shots/tanya-kn__tanya-tab-reports.jpg,True,True,False
docs/audit/ux-2026-10-05/finance/shots/tanya-kn__tanya-tab-schedules.jpg,True,True,False
docs/audit/ux-2026-10-05/finance/shots/tax-invoices.jpg,True,True,False
docs/audit/ux-2026-10-05/manager/crawl.json,True,True,False
docs/audit/ux-2026-10-05/manager/menu.json,True,True,False
docs/audit/ux-2026-10-05/manager/shots/amendments.jpg,True,True,False
docs/audit/ux-2026-10-05/manager/shots/amendments__amd-tab-alasan.jpg,True,True,False
docs/audit/ux-2026-10-05/manager/shots/amendments__amd-tab-daftar.jpg,True,True,False
docs/audit/ux-2026-10-05/manager/shots/approval-inbox.jpg,True,True,False
docs/audit/ux-2026-10-05/manager/shots/approval-inbox__approval-inbox-tab-all.jpg,True,True,False
docs/audit/ux-2026-10-05/manager/shots/approval-inbox__approval-inbox-tab-amendment.jpg,True,True,False
docs/audit/ux-2026-10-05/manager/shots/approval-inbox__approval-inbox-tab-po.jpg,True,True,False
docs/audit/ux-2026-10-05/manager/shots/approval-inbox__approval-inbox-tab-price.jpg,True,True,False
docs/audit/ux-2026-10-05/manager/shots/approval-inbox__approval-inbox-tab-returns.jpg,True,True,False
docs/audit/ux-2026-10-05/manager/shots/approval-inbox__approval-inbox-tab-sales_order.jpg,True,True,False
docs/audit/ux-2026-10-05/manager/shots/manager-home.jpg,True,True,False
docs/audit/ux-2026-10-05/manager/shots/my-approvals.jpg,True,True,False
docs/audit/ux-2026-10-05/manager/shots/my-desk.jpg,True,True,False
docs/audit/ux-2026-10-05/manager/shots/orders.jpg,True,True,False
docs/audit/ux-2026-10-05/manager/shots/price-approvals.jpg,True,True,False
docs/audit/ux-2026-10-05/manager/shots/purchase-approval.jpg,True,True,False
docs/audit/ux-2026-10-05/manager/shots/purchase-approval__po-approval-tab-approved.jpg,True,True,False
docs/audit/ux-2026-10-05/manager/shots/purchase-approval__po-approval-tab-rejected.jpg,True,True,False
docs/audit/ux-2026-10-05/manager/shots/purchase-approval__po-approval-tab-waiting.jpg,True,True,False
docs/audit/ux-2026-10-05/manager/shots/returns.jpg,True,True,False
docs/audit/ux-2026-10-05/manager/shots/special-orders.jpg,True,True,False
docs/audit/ux-2026-10-05/manager/shots/special-orders__status-tab-all.jpg,True,True,False
docs/audit/ux-2026-10-05/manager/shots/special-orders__status-tab-confirmed.jpg,True,True,False
docs/audit/ux-2026-10-05/manager/shots/special-orders__status-tab-done.jpg,True,True,False
docs/audit/ux-2026-10-05/manager/shots/special-orders__status-tab-draft.jpg,True,True,False
docs/audit/ux-2026-10-05/manager/shots/special-orders__status-tab-in_production.jpg,True,True,False
docs/audit/ux-2026-10-05/manager/shots/special-orders__status-tab-pending_approval.jpg,True,True,False
docs/audit/ux-2026-10-05/manager/shots/special-orders__status-tab-ready.jpg,True,True,False
docs/audit/ux-2026-10-05/manager/shots/special-orders__status-tab-shipped.jpg,True,True,False
docs/audit/ux-2026-10-05/manager/shots/tanya-kn.jpg,True,True,False
docs/audit/ux-2026-10-05/manager/shots/tanya-kn__tanya-tab-cost.jpg,True,True,False
docs/audit/ux-2026-10-05/manager/shots/tanya-kn__tanya-tab-history.jpg,True,True,False
docs/audit/ux-2026-10-05/manager/shots/tanya-kn__tanya-tab-insights.jpg,True,True,False
docs/audit/ux-2026-10-05/manager/shots/tanya-kn__tanya-tab-reports.jpg,True,True,False
docs/audit/ux-2026-10-05/manager/shots/tanya-kn__tanya-tab-schedules.jpg,True,True,False
docs/audit/ux-2026-10-05/pola_halaman_daftar.md,True,True,False
docs/audit/ux-2026-10-05/sales/crawl.json,True,True,False
docs/audit/ux-2026-10-05/sales/findings.json,True,True,False
docs/audit/ux-2026-10-05/sales/menu.json,True,True,False
docs/audit/ux-2026-10-05/sales/shots/cash-advances.jpg,True,True,False
docs/audit/ux-2026-10-05/sales/shots/cash-advances__ca-tab-all.jpg,True,True,False
docs/audit/ux-2026-10-05/sales/shots/cash-advances__ca-tab-approved.jpg,True,True,False
docs/audit/ux-2026-10-05/sales/shots/cash-advances__ca-tab-disbursed.jpg,True,True,False
docs/audit/ux-2026-10-05/sales/shots/cash-advances__ca-tab-draft.jpg,True,True,False
docs/audit/ux-2026-10-05/sales/shots/cash-advances__ca-tab-pending_atasan.jpg,True,True,False
docs/audit/ux-2026-10-05/sales/shots/cash-advances__ca-tab-rejected.jpg,True,True,False
docs/audit/ux-2026-10-05/sales/shots/cash-advances__ca-tab-settled.jpg,True,True,False
docs/audit/ux-2026-10-05/sales/shots/cs-price-list.jpg,True,True,False
docs/audit/ux-2026-10-05/sales/shots/customers-crm.jpg,True,True,False
docs/audit/ux-2026-10-05/sales/shots/customers-crm__crm-tab-collection.jpg,True,True,False
docs/audit/ux-2026-10-05/sales/shots/customers-crm__crm-tab-customers.jpg,True,True,False
docs/audit/ux-2026-10-05/sales/shots/customers-crm__crm-tab-interactions.jpg,True,True,False
docs/audit/ux-2026-10-05/sales/shots/customers-crm__crm-tab-leads.jpg,True,True,False
docs/audit/ux-2026-10-05/sales/shots/customers-crm__crm-tab-salesforce.jpg,True,True,False
docs/audit/ux-2026-10-05/sales/shots/doc-trace.jpg,True,True,False
docs/audit/ux-2026-10-05/sales/shots/document-center.jpg,True,True,False
docs/audit/ux-2026-10-05/sales/shots/documents.jpg,True,True,False
docs/audit/ux-2026-10-05/sales/shots/hr-my-profile.jpg,True,True,False
docs/audit/ux-2026-10-05/sales/shots/hr-visits.jpg,True,True,False
docs/audit/ux-2026-10-05/sales/shots/inventory-board.jpg,True,True,False
docs/audit/ux-2026-10-05/sales/shots/inventory-lots.jpg,True,True,False
docs/audit/ux-2026-10-05/sales/shots/logistics.jpg,True,True,False
docs/audit/ux-2026-10-05/sales/shots/logistics__logistics-tab-dashboard.jpg,True,True,False
docs/audit/ux-2026-10-05/sales/shots/logistics__logistics-tab-fleet.jpg,True,True,False
docs/audit/ux-2026-10-05/sales/shots/logistics__logistics-tab-history.jpg,True,True,False
docs/audit/ux-2026-10-05/sales/shots/logistics__logistics-tab-list.jpg,True,True,False
docs/audit/ux-2026-10-05/sales/shots/md-products.jpg,True,True,False
docs/audit/ux-2026-10-05/sales/shots/mkt-accounts.jpg,True,True,False
docs/audit/ux-2026-10-05/sales/shots/mkt-analytics.jpg,True,True,False
docs/audit/ux-2026-10-05/sales/shots/mkt-calendar.jpg,True,True,False
docs/audit/ux-2026-10-05/sales/shots/mkt-campaigns.jpg,True,True,False
docs/audit/ux-2026-10-05/sales/shots/my-desk.jpg,True,True,False
docs/audit/ux-2026-10-05/sales/shots/price-approvals.jpg,True,True,False
docs/audit/ux-2026-10-05/sales/shots/rnd-handfeel.jpg,True,True,False
docs/audit/ux-2026-10-05/sales/shots/rnd-labdip.jpg,True,True,False
docs/audit/ux-2026-10-05/sales/shots/rnd-proofing.jpg,True,True,False
docs/audit/ux-2026-10-05/sales/shots/rnd-samples.jpg,True,True,False
docs/audit/ux-2026-10-05/sales/shots/sales-home.jpg,True,True,False
docs/audit/ux-2026-10-05/sales/shots/sales.jpg,True,True,False
docs/audit/ux-2026-10-05/sales/shots/sample-orders.jpg,True,True,False
docs/audit/ux-2026-10-05/sales/shots/settlements.jpg,True,True,False
docs/audit/ux-2026-10-05/sales/shots/settlements__stl-tab-all.jpg,True,True,False
docs/audit/ux-2026-10-05/sales/shots/settlements__stl-tab-draft.jpg,True,True,False
docs/audit/ux-2026-10-05/sales/shots/settlements__stl-tab-posted_to_gl.jpg,True,True,False
docs/audit/ux-2026-10-05/sales/shots/settlements__stl-tab-rejected.jpg,True,True,False
docs/audit/ux-2026-10-05/sales/shots/settlements__stl-tab-submitted.jpg,True,True,False
docs/audit/ux-2026-10-05/sales/shots/tanya-kn.jpg,True,True,False
docs/audit/ux-2026-10-05/sales/shots/tanya-kn__tanya-tab-cost.jpg,True,True,False
docs/audit/ux-2026-10-05/sales/shots/tanya-kn__tanya-tab-history.jpg,True,True,False
docs/audit/ux-2026-10-05/sales/shots/tanya-kn__tanya-tab-insights.jpg,True,True,False
docs/audit/ux-2026-10-05/sales/shots/tanya-kn__tanya-tab-reports.jpg,True,True,False
docs/audit/ux-2026-10-05/sales/shots/tanya-kn__tanya-tab-schedules.jpg,True,True,False
docs/audit/ux-2026-10-05/sales/shots/vehicle-logs.jpg,True,True,False
docs/audit/ux-2026-10-05/sales/shots/vehicle-logs__veh-tab-logs.jpg,True,True,False
docs/audit/ux-2026-10-05/sales/shots/vehicle-logs__veh-tab-recap.jpg,True,True,False
docs/audit/ux-2026-10-05/sales/shots/vehicle-logs__veh-tab-vehicles.jpg,True,True,False
docs/audit/ux-2026-10-05/salesadmin/crawl.json,True,True,False
docs/audit/ux-2026-10-05/salesadmin/findings.json,True,True,False
docs/audit/ux-2026-10-05/salesadmin/menu.json,True,True,False
docs/audit/ux-2026-10-05/salesadmin/shots/amendments.jpg,True,True,False
docs/audit/ux-2026-10-05/salesadmin/shots/amendments__amd-tab-daftar.jpg,True,True,False
docs/audit/ux-2026-10-05/salesadmin/shots/approval-inbox.jpg,True,True,False
docs/audit/ux-2026-10-05/salesadmin/shots/approval-inbox__approval-inbox-tab-all.jpg,True,True,False
docs/audit/ux-2026-10-05/salesadmin/shots/approval-inbox__approval-inbox-tab-amendment.jpg,True,True,False
docs/audit/ux-2026-10-05/salesadmin/shots/approval-inbox__approval-inbox-tab-credit.jpg,True,True,False
docs/audit/ux-2026-10-05/salesadmin/shots/approval-inbox__approval-inbox-tab-cycle.jpg,True,True,False
docs/audit/ux-2026-10-05/salesadmin/shots/approval-inbox__approval-inbox-tab-po.jpg,True,True,False
docs/audit/ux-2026-10-05/salesadmin/shots/approval-inbox__approval-inbox-tab-price.jpg,True,True,False
docs/audit/ux-2026-10-05/salesadmin/shots/approval-inbox__approval-inbox-tab-returns.jpg,True,True,False
docs/audit/ux-2026-10-05/salesadmin/shots/approval-inbox__approval-inbox-tab-sales_order.jpg,True,True,False
docs/audit/ux-2026-10-05/salesadmin/shots/cash-advances.jpg,True,True,False
docs/audit/ux-2026-10-05/salesadmin/shots/cash-advances__ca-tab-all.jpg,True,True,False
docs/audit/ux-2026-10-05/salesadmin/shots/cash-advances__ca-tab-approved.jpg,True,True,False
docs/audit/ux-2026-10-05/salesadmin/shots/cash-advances__ca-tab-disbursed.jpg,True,True,False
docs/audit/ux-2026-10-05/salesadmin/shots/cash-advances__ca-tab-draft.jpg,True,True,False
docs/audit/ux-2026-10-05/salesadmin/shots/cash-advances__ca-tab-pending_atasan.jpg,True,True,False
docs/audit/ux-2026-10-05/salesadmin/shots/cash-advances__ca-tab-rejected.jpg,True,True,False
docs/audit/ux-2026-10-05/salesadmin/shots/cash-advances__ca-tab-settled.jpg,True,True,False
docs/audit/ux-2026-10-05/salesadmin/shots/cs-price-list.jpg,True,True,False
docs/audit/ux-2026-10-05/salesadmin/shots/customers-crm.jpg,True,True,False
docs/audit/ux-2026-10-05/salesadmin/shots/customers-crm__crm-tab-collection.jpg,True,True,False
docs/audit/ux-2026-10-05/salesadmin/shots/customers-crm__crm-tab-customers.jpg,True,True,False
docs/audit/ux-2026-10-05/salesadmin/shots/customers-crm__crm-tab-interactions.jpg,True,True,False
docs/audit/ux-2026-10-05/salesadmin/shots/customers-crm__crm-tab-leads.jpg,True,True,False
docs/audit/ux-2026-10-05/salesadmin/shots/customers-crm__crm-tab-salesforce.jpg,True,True,False
docs/audit/ux-2026-10-05/salesadmin/shots/doc-trace.jpg,True,True,False
docs/audit/ux-2026-10-05/salesadmin/shots/document-center.jpg,True,True,False
docs/audit/ux-2026-10-05/salesadmin/shots/documents.jpg,True,True,False
docs/audit/ux-2026-10-05/salesadmin/shots/hr-my-profile.jpg,True,True,False
docs/audit/ux-2026-10-05/salesadmin/shots/interco-transactions.jpg,True,True,False
docs/audit/ux-2026-10-05/salesadmin/shots/interco-transactions__interco-tab-returns.jpg,True,True,False
docs/audit/ux-2026-10-05/salesadmin/shots/interco-transactions__interco-tab-transactions.jpg,True,True,False
docs/audit/ux-2026-10-05/salesadmin/shots/internal-requests.jpg,True,True,False
docs/audit/ux-2026-10-05/salesadmin/shots/internal-requests__pin-tab-all.jpg,True,True,False
docs/audit/ux-2026-10-05/salesadmin/shots/internal-requests__pin-tab-cancelled.jpg,True,True,False
docs/audit/ux-2026-10-05/salesadmin/shots/internal-requests__pin-tab-converted.jpg,True,True,False
docs/audit/ux-2026-10-05/salesadmin/shots/internal-requests__pin-tab-rejected.jpg,True,True,False
docs/audit/ux-2026-10-05/salesadmin/shots/internal-requests__pin-tab-submitted.jpg,True,True,False
docs/audit/ux-2026-10-05/salesadmin/shots/inventory-board.jpg,True,True,False
docs/audit/ux-2026-10-05/salesadmin/shots/inventory-lots.jpg,True,True,False
docs/audit/ux-2026-10-05/salesadmin/shots/logistics.jpg,True,True,False
docs/audit/ux-2026-10-05/salesadmin/shots/logistics__logistics-tab-dashboard.jpg,True,True,False
docs/audit/ux-2026-10-05/salesadmin/shots/logistics__logistics-tab-fleet.jpg,True,True,False
docs/audit/ux-2026-10-05/salesadmin/shots/logistics__logistics-tab-history.jpg,True,True,False
docs/audit/ux-2026-10-05/salesadmin/shots/logistics__logistics-tab-list.jpg,True,True,False
docs/audit/ux-2026-10-05/salesadmin/shots/md-products.jpg,True,True,False
docs/audit/ux-2026-10-05/salesadmin/shots/mkt-accounts.jpg,True,True,False
docs/audit/ux-2026-10-05/salesadmin/shots/mkt-analytics.jpg,True,True,False
docs/audit/ux-2026-10-05/salesadmin/shots/mkt-calendar.jpg,True,True,False
docs/audit/ux-2026-10-05/salesadmin/shots/mkt-campaigns.jpg,True,True,False
docs/audit/ux-2026-10-05/salesadmin/shots/my-desk.jpg,True,True,False
docs/audit/ux-2026-10-05/salesadmin/shots/operations.jpg,True,True,False
docs/audit/ux-2026-10-05/salesadmin/shots/operations__wms-tab-health.jpg,True,True,False
docs/audit/ux-2026-10-05/salesadmin/shots/operations__wms-tab-inbound.jpg,True,True,False
docs/audit/ux-2026-10-05/salesadmin/shots/operations__wms-tab-outbound.jpg,True,True,False
docs/audit/ux-2026-10-05/salesadmin/shots/operations__wms-tab-stok.jpg,True,True,False
docs/audit/ux-2026-10-05/salesadmin/shots/operations__wms-tab-transfer.jpg,True,True,False
docs/audit/ux-2026-10-05/salesadmin/shots/orders.jpg,True,True,False
docs/audit/ux-2026-10-05/salesadmin/shots/price-approvals.jpg,True,True,False
docs/audit/ux-2026-10-05/salesadmin/shots/purchase-requisitions.jpg,True,True,False
docs/audit/ux-2026-10-05/salesadmin/shots/purchase-requisitions__pr-tab-all.jpg,True,True,False
docs/audit/ux-2026-10-05/salesadmin/shots/purchase-requisitions__pr-tab-approved.jpg,True,True,False
docs/audit/ux-2026-10-05/salesadmin/shots/purchase-requisitions__pr-tab-converted.jpg,True,True,False
docs/audit/ux-2026-10-05/salesadmin/shots/purchase-requisitions__pr-tab-draft.jpg,True,True,False
docs/audit/ux-2026-10-05/salesadmin/shots/purchase-requisitions__pr-tab-pending_approval.jpg,True,True,False
docs/audit/ux-2026-10-05/salesadmin/shots/purchase-requisitions__pr-tab-rejected.jpg,True,True,False
docs/audit/ux-2026-10-05/salesadmin/shots/return-policies.jpg,True,True,False
docs/audit/ux-2026-10-05/salesadmin/shots/returns.jpg,True,True,False
docs/audit/ux-2026-10-05/salesadmin/shots/rnd-handfeel.jpg,True,True,False
docs/audit/ux-2026-10-05/salesadmin/shots/rnd-labdip.jpg,True,True,False
docs/audit/ux-2026-10-05/salesadmin/shots/rnd-proofing.jpg,True,True,False
docs/audit/ux-2026-10-05/salesadmin/shots/rnd-samples.jpg,True,True,False
docs/audit/ux-2026-10-05/salesadmin/shots/sales-admin-desk.jpg,True,True,False
docs/audit/ux-2026-10-05/salesadmin/shots/sales.jpg,True,True,False
docs/audit/ux-2026-10-05/salesadmin/shots/sample-orders.jpg,True,True,False
docs/audit/ux-2026-10-05/salesadmin/shots/settlements.jpg,True,True,False
docs/audit/ux-2026-10-05/salesadmin/shots/settlements__stl-tab-all.jpg,True,True,False
docs/audit/ux-2026-10-05/salesadmin/shots/settlements__stl-tab-draft.jpg,True,True,False
docs/audit/ux-2026-10-05/salesadmin/shots/settlements__stl-tab-posted_to_gl.jpg,True,True,False
docs/audit/ux-2026-10-05/salesadmin/shots/settlements__stl-tab-rejected.jpg,True,True,False
docs/audit/ux-2026-10-05/salesadmin/shots/settlements__stl-tab-submitted.jpg,True,True,False
docs/audit/ux-2026-10-05/salesadmin/shots/special-orders.jpg,True,True,False
docs/audit/ux-2026-10-05/salesadmin/shots/special-orders__status-tab-all.jpg,True,True,False
docs/audit/ux-2026-10-05/salesadmin/shots/special-orders__status-tab-confirmed.jpg,True,True,False
docs/audit/ux-2026-10-05/salesadmin/shots/special-orders__status-tab-done.jpg,True,True,False
docs/audit/ux-2026-10-05/salesadmin/shots/special-orders__status-tab-draft.jpg,True,True,False
docs/audit/ux-2026-10-05/salesadmin/shots/special-orders__status-tab-in_production.jpg,True,True,False
docs/audit/ux-2026-10-05/salesadmin/shots/special-orders__status-tab-pending_approval.jpg,True,True,False
docs/audit/ux-2026-10-05/salesadmin/shots/special-orders__status-tab-ready.jpg,True,True,False
docs/audit/ux-2026-10-05/salesadmin/shots/special-orders__status-tab-shipped.jpg,True,True,False
docs/audit/ux-2026-10-05/salesadmin/shots/tanya-kn.jpg,True,True,False
docs/audit/ux-2026-10-05/salesadmin/shots/tanya-kn__tanya-tab-cost.jpg,True,True,False
docs/audit/ux-2026-10-05/salesadmin/shots/tanya-kn__tanya-tab-history.jpg,True,True,False
docs/audit/ux-2026-10-05/salesadmin/shots/tanya-kn__tanya-tab-insights.jpg,True,True,False
docs/audit/ux-2026-10-05/salesadmin/shots/tanya-kn__tanya-tab-reports.jpg,True,True,False
docs/audit/ux-2026-10-05/salesadmin/shots/tanya-kn__tanya-tab-schedules.jpg,True,True,False
docs/audit/ux-2026-10-05/salesadmin/shots/vehicle-logs.jpg,True,True,False
docs/audit/ux-2026-10-05/salesadmin/shots/vehicle-logs__veh-tab-logs.jpg,True,True,False
docs/audit/ux-2026-10-05/salesadmin/shots/vehicle-logs__veh-tab-recap.jpg,True,True,False
docs/audit/ux-2026-10-05/salesadmin/shots/vehicle-logs__veh-tab-vehicles.jpg,True,True,False
docs/audit/ux-2026-10-05/verify/inputs.json,True,True,False
docs/audit/ux-2026-10-05/verify/po_tab_Menunggu.jpg,True,True,False
docs/audit/ux-2026-10-05/verify/po_tab_Selesai.jpg,True,True,False
docs/audit/ux-2026-10-05/verify/sales_orders.jpg,True,True,False
docs/audit/ux-2026-10-05/verify/sales_special-orders.jpg,True,True,False
docs/audit/ux-2026-10-05/verify/selects.json,True,True,False
docs/audit/ux-2026-10-05/verify/verify.json,True,True,False
docs/audit/ux-2026-10-05/verify/verify_design-requests_Revisi_ge_1.jpg,True,True,False
docs/audit/ux-2026-10-05/verify/verify_operations_Bandung.jpg,True,True,False
docs/audit/ux-2026-10-05/verify/verify_operations_Jakarta.jpg,True,True,False
docs/audit/ux-2026-10-05/verify/verify_returns_Barang_Sisa_(BS).jpg,True,True,False
docs/audit/ux-2026-10-05/verify/verify_returns_Retur.jpg,True,True,False
docs/audit/ux-2026-10-05/verify/verify_rnd-samples_Handfeel.jpg,True,True,False
docs/audit/ux-2026-10-05/verify/verify_rnd-samples_Labdip.jpg,True,True,False
docs/audit/ux-2026-10-05/verify/verify_sales_B.jpg,True,True,False
docs/audit/ux-2026-10-05/verify/verify_sales_Batik.jpg,True,True,False
docs/audit/ux-2026-10-05/warehouse/crawl.json,True,True,False
docs/audit/ux-2026-10-05/warehouse/findings.json,True,True,False
docs/audit/ux-2026-10-05/warehouse/menu.json,True,True,False
docs/audit/ux-2026-10-05/warehouse/shots/contra-bons.jpg,True,True,False
docs/audit/ux-2026-10-05/warehouse/shots/contra-bons__cb-tab-list.jpg,True,True,False
docs/audit/ux-2026-10-05/warehouse/shots/contra-bons__cb-tab-schedules.jpg,True,True,False
docs/audit/ux-2026-10-05/warehouse/shots/contra-bons__cb-tab-unbilled.jpg,True,True,False
docs/audit/ux-2026-10-05/warehouse/shots/cs-rfid-gate.jpg,True,True,False
docs/audit/ux-2026-10-05/warehouse/shots/cs-rfid-gate__gate-tab-monitor.jpg,True,True,False
docs/audit/ux-2026-10-05/warehouse/shots/cs-rfid-gate__gate-tab-security.jpg,True,True,False
docs/audit/ux-2026-10-05/warehouse/shots/cs-rfid-lokasi.jpg,True,True,False
docs/audit/ux-2026-10-05/warehouse/shots/cs-rfid-lokasi__loc-tab-cc.jpg,True,True,False
docs/audit/ux-2026-10-05/warehouse/shots/cs-rfid-lokasi__loc-tab-lokasi.jpg,True,True,False
docs/audit/ux-2026-10-05/warehouse/shots/cs-rfid-tags.jpg,True,True,False
docs/audit/ux-2026-10-05/warehouse/shots/cs-rfid-tags__rfid-tab-print.jpg,True,True,False
docs/audit/ux-2026-10-05/warehouse/shots/cs-rfid-tags__rfid-tab-tags.jpg,True,True,False
docs/audit/ux-2026-10-05/warehouse/shots/cs-rfid-tags__rfid-tab-untagged.jpg,True,True,False
docs/audit/ux-2026-10-05/warehouse/shots/doc-trace.jpg,True,True,False
docs/audit/ux-2026-10-05/warehouse/shots/document-center.jpg,True,True,False
docs/audit/ux-2026-10-05/warehouse/shots/documents.jpg,True,True,False
docs/audit/ux-2026-10-05/warehouse/shots/escalations.jpg,True,True,False
docs/audit/ux-2026-10-05/warehouse/shots/goods-receipts.jpg,True,True,False
docs/audit/ux-2026-10-05/warehouse/shots/goods-receipts__grn-view-tab-list.jpg,True,True,False
docs/audit/ux-2026-10-05/warehouse/shots/goods-receipts__grn-view-tab-variance.jpg,True,True,False
docs/audit/ux-2026-10-05/warehouse/shots/hr-my-profile.jpg,True,True,False
docs/audit/ux-2026-10-05/warehouse/shots/inspections.jpg,True,True,False
docs/audit/ux-2026-10-05/warehouse/shots/interco-transactions.jpg,True,True,False
docs/audit/ux-2026-10-05/warehouse/shots/interco-transactions__interco-tab-returns.jpg,True,True,False
docs/audit/ux-2026-10-05/warehouse/shots/interco-transactions__interco-tab-transactions.jpg,True,True,False
docs/audit/ux-2026-10-05/warehouse/shots/interco-transfers.jpg,True,True,False
docs/audit/ux-2026-10-05/warehouse/shots/inventory-board.jpg,True,True,False
docs/audit/ux-2026-10-05/warehouse/shots/inventory-lots.jpg,True,True,False
docs/audit/ux-2026-10-05/warehouse/shots/logistics.jpg,True,True,False
docs/audit/ux-2026-10-05/warehouse/shots/logistics__logistics-tab-dashboard.jpg,True,True,False
docs/audit/ux-2026-10-05/warehouse/shots/logistics__logistics-tab-fleet.jpg,True,True,False
docs/audit/ux-2026-10-05/warehouse/shots/logistics__logistics-tab-history.jpg,True,True,False
docs/audit/ux-2026-10-05/warehouse/shots/logistics__logistics-tab-list.jpg,True,True,False
docs/audit/ux-2026-10-05/warehouse/shots/md-warehouses.jpg,True,True,False
docs/audit/ux-2026-10-05/warehouse/shots/my-desk.jpg,True,True,False
docs/audit/ux-2026-10-05/warehouse/shots/operations.jpg,True,True,False
docs/audit/ux-2026-10-05/warehouse/shots/operations__wms-tab-inbound.jpg,True,True,False
docs/audit/ux-2026-10-05/warehouse/shots/operations__wms-tab-stok.jpg,True,True,False
docs/audit/ux-2026-10-05/warehouse/shots/production.jpg,True,True,False
docs/audit/ux-2026-10-05/warehouse/shots/production__prod-tab-bom.jpg,True,True,False
docs/audit/ux-2026-10-05/warehouse/shots/production__prod-tab-wo.jpg,True,True,False
docs/audit/ux-2026-10-05/warehouse/shots/purchase-requisitions.jpg,True,True,False
docs/audit/ux-2026-10-05/warehouse/shots/purchase-requisitions__pr-tab-all.jpg,True,True,False
docs/audit/ux-2026-10-05/warehouse/shots/purchase-requisitions__pr-tab-approved.jpg,True,True,False
docs/audit/ux-2026-10-05/warehouse/shots/purchase-requisitions__pr-tab-converted.jpg,True,True,False
docs/audit/ux-2026-10-05/warehouse/shots/purchase-requisitions__pr-tab-draft.jpg,True,True,False
docs/audit/ux-2026-10-05/warehouse/shots/purchase-requisitions__pr-tab-pending_approval.jpg,True,True,False
docs/audit/ux-2026-10-05/warehouse/shots/purchase-requisitions__pr-tab-rejected.jpg,True,True,False
docs/audit/ux-2026-10-05/warehouse/shots/purchase-returns.jpg,True,True,False
docs/audit/ux-2026-10-05/warehouse/shots/purchase-returns__pret-tab-all.jpg,True,True,False
docs/audit/ux-2026-10-05/warehouse/shots/purchase-returns__pret-tab-approved.jpg,True,True,False
docs/audit/ux-2026-10-05/warehouse/shots/purchase-returns__pret-tab-draft.jpg,True,True,False
docs/audit/ux-2026-10-05/warehouse/shots/purchase-returns__pret-tab-pending_approval.jpg,True,True,False
docs/audit/ux-2026-10-05/warehouse/shots/purchase-returns__pret-tab-rejected.jpg,True,True,False
docs/audit/ux-2026-10-05/warehouse/shots/qc-inspection.jpg,True,True,False
docs/audit/ux-2026-10-05/warehouse/shots/rfq.jpg,True,True,False
docs/audit/ux-2026-10-05/warehouse/shots/rfq__rfq-tab-all.jpg,True,True,False
docs/audit/ux-2026-10-05/warehouse/shots/rfq__rfq-tab-awarded.jpg,True,True,False
docs/audit/ux-2026-10-05/warehouse/shots/rfq__rfq-tab-cancelled.jpg,True,True,False
docs/audit/ux-2026-10-05/warehouse/shots/rfq__rfq-tab-draft.jpg,True,True,False
docs/audit/ux-2026-10-05/warehouse/shots/rfq__rfq-tab-open.jpg,True,True,False
docs/audit/ux-2026-10-05/warehouse/shots/rnd-handfeel.jpg,True,True,False
docs/audit/ux-2026-10-05/warehouse/shots/rnd-labdip.jpg,True,True,False
docs/audit/ux-2026-10-05/warehouse/shots/rnd-proofing.jpg,True,True,False
docs/audit/ux-2026-10-05/warehouse/shots/rnd-samples.jpg,True,True,False
docs/audit/ux-2026-10-05/warehouse/shots/stock-buckets.jpg,True,True,False
docs/audit/ux-2026-10-05/warehouse/shots/stock-buckets__sb-tab-board.jpg,True,True,False
docs/audit/ux-2026-10-05/warehouse/shots/stock-buckets__sb-tab-holds.jpg,True,True,False
docs/audit/ux-2026-10-05/warehouse/shots/stock-buckets__sb-tab-pending.jpg,True,True,False
docs/audit/ux-2026-10-05/warehouse/shots/stock-buckets__sb-tab-wip.jpg,True,True,False
docs/audit/ux-2026-10-05/warehouse/shots/vehicle-logs.jpg,True,True,False
docs/audit/ux-2026-10-05/warehouse/shots/vehicle-logs__veh-tab-logs.jpg,True,True,False
docs/audit/ux-2026-10-05/warehouse/shots/vehicle-logs__veh-tab-recap.jpg,True,True,False
docs/audit/ux-2026-10-05/warehouse/shots/vehicle-logs__veh-tab-vehicles.jpg,True,True,False
docs/audit/ux-2026-10-05/warehouse/shots/wms-locations.jpg,True,True,False
docs/audit/ux-2026-10-05/warehouse/shots/wms-locations__lp-tab-cuts.jpg,True,True,False
docs/audit/ux-2026-10-05/warehouse/shots/wms-locations__lp-tab-pa.jpg,True,True,False
docs/audit/ux-2026-10-05/warehouse/shots/wms-locations__lp-tab-putaway.jpg,True,True,False
docs/audit/ux-2026-10-05/warehouse/shots/wms-locations__lp-tab-structure.jpg,True,True,False
frontend/src/AppViewRouter.jsx,True,True,True
frontend/src/components/ListControls.jsx,True,True,True
frontend/src/components/LocationFields.jsx,True,False,True
frontend/src/config/hubTabs.js,True,True,True
frontend/src/config/navMeta.js,True,True,True
frontend/src/config/navStructure.js,True,True,True
frontend/src/data/tours/operationsTours.js,True,True,True
frontend/src/features/admin/po/POCompactPanel.jsx,True,True,True
frontend/src/features/admin/po/PODetailPanel.jsx,True,True,True
frontend/src/features/crm/SalesForceDashboard.jsx,True,False,True
frontend/src/features/home/AdminHome.jsx,True,False,True
frontend/src/features/home/SalesHome.jsx,True,False,True
frontend/src/features/inventory/InventoryStatusBoard.jsx,True,True,True
frontend/src/features/inventory/StockBucketsView.jsx,True,True,True
frontend/src/features/inventory/lots/LotsView.jsx,True,True,True
frontend/src/features/orders/OrdersView.jsx,True,True,True
frontend/src/features/pos/CheckoutDrawer.jsx,True,True,True
frontend/src/features/pos/FacetRail.jsx,True,True,True
frontend/src/features/pos/PosProductCard.jsx,True,True,True
frontend/src/features/pos/mobile/MobileProductCard.jsx,True,True,True
frontend/src/features/purchasing/PurchaseApprovalView.jsx,True,True,True
frontend/src/features/sales/SalesPortal.jsx,True,True,True
frontend/src/features/sales/SpecialOrders.jsx,True,True,True
frontend/src/features/sales/mobile/MobileSalesHome.jsx,True,False,True
frontend/src/features/sales_admin/FulfillmentDecisionDialog.jsx,True,True,True
frontend/src/features/sales_admin/FulfillmentLineCard.jsx,True,True,True
frontend/src/features/sales_admin/workDeskApi.js,True,True,True
frontend/src/features/samples/SampleOrdersView.jsx,True,True,True
frontend/src/features/settings/ReceivingOcrSettings.jsx,True,True,True
frontend/src/features/wms/OperationsView.jsx,True,True,True
frontend/src/features/wms/OutboundView.jsx,True,True,True
frontend/src/features/wms/grn/GoodsReceiptsView.jsx,True,True,True
frontend/src/styles/components.css,True,False,False
memory/CHANGELOG_2026-10-05_ABCD.md,True,True,False
memory/PRD.md,True,True,False
memory/test_credentials.md,True,False,False
scripts/audit_ux_analyze.py,True,True,False
scripts/audit_ux_crawl.py,True,True,False
scripts/audit_ux_inputs.py,True,True,False
scripts/audit_ux_selects.py,True,True,False
scripts/audit_ux_verify.py,True,True,False
scripts/audit_ux_verify2.py,True,True,False
scripts/check_nav_map.py,True,True,False
scripts/ui_dialog_js.py,True,False,False
scripts/ui_scan_js.py,True,False,False
test_reports/audit_numbers_dump.json,True,False,False
test_reports/iter149_atp_dump.json,True,False,False
test_reports/iter149_numbers_sweep.json,True,False,False
test_reports/iteration_147.json,True,False,False
test_reports/iteration_148.json,True,False,False
test_reports/iteration_149.json,True,False,False
test_reports/iteration_150.json,True,False,False
test_reports/iteration_151.json,True,True,False
test_reports/iteration_152.json,True,True,False
test_reports/iteration_153.json,True,True,False
test_reports/pytest/iter149.xml,True,False,False
test_reports/pytest/iter150.xml,True,False,False
test_reports/pytest/iter151.xml,True,True,False
test_reports/pytest/iter153_results.xml,True,True,False
test_reports/pytest/pytest_admin_bypass.xml,True,True,False
