frontend,line,method,route,classification,verdict
frontend/src/components/WaitingBoardsStrip.jsx,31,get,${API}${endpoint},dynamic_query_suffix_action_or_helper_needs_expansion,Unresolved static mapping is not a bug verdict or proof of runtime failure
frontend/src/components/WaitingQueueBoard.jsx,133,post,${API}${a.path},dynamic_query_suffix_action_or_helper_needs_expansion,Unresolved static mapping is not a bug verdict or proof of runtime failure
frontend/src/features/approvals/ApprovalDecisionModal.jsx,58,post,"${API}/purchase-orders/${it.id}/${decision === ""approve"" ? ""approve"" : ""reject""}",dynamic_query_suffix_action_or_helper_needs_expansion,Unresolved static mapping is not a bug verdict or proof of runtime failure
frontend/src/features/approvals/ApprovalDecisionModal.jsx,60,post,${API}/cycle-count/sessions/${it.id}/${decision},dynamic_query_suffix_action_or_helper_needs_expansion,Unresolved static mapping is not a bug verdict or proof of runtime failure
frontend/src/features/approvals/ApprovalDecisionModal.jsx,68,post,"${API}/${base}/${it.id}/${decision === ""approve"" ? ""approve"" : ""reject""}",dynamic_query_suffix_action_or_helper_needs_expansion,Unresolved static mapping is not a bug verdict or proof of runtime failure
frontend/src/features/approvals/ApprovalDecisionModal.jsx,281,get,${API}${detailUrl(item)},dynamic_query_suffix_action_or_helper_needs_expansion,Unresolved static mapping is not a bug verdict or proof of runtime failure
frontend/src/features/finance/BankReconciliationView.jsx,122,post,${API}/bank-reconciliation/lines/${lineId}/${action},dynamic_query_suffix_action_or_helper_needs_expansion,Unresolved static mapping is not a bug verdict or proof of runtime failure
frontend/src/features/finance/cases/CaseDetailPanel.jsx,47,post,${API}/finance-cases/${c.id}/${path},dynamic_query_suffix_action_or_helper_needs_expansion,Unresolved static mapping is not a bug verdict or proof of runtime failure
frontend/src/features/finance/interco/IntercoLoansPanel.jsx,64,post,${API}/interco/loans/${loan.id}/${path},dynamic_query_suffix_action_or_helper_needs_expansion,Unresolved static mapping is not a bug verdict or proof of runtime failure
frontend/src/features/finance/interco/IntercoTaxModal.jsx,47,post,${base}/tax-invoice/replace,dynamic_query_suffix_action_or_helper_needs_expansion,Unresolved static mapping is not a bug verdict or proof of runtime failure
frontend/src/features/finance/interco/IntercoTaxModal.jsx,48,post,${base}/tax-invoice/cancel,dynamic_query_suffix_action_or_helper_needs_expansion,Unresolved static mapping is not a bug verdict or proof of runtime failure
frontend/src/features/finance/interco/IntercoTaxModal.jsx,49,post,${base}/tax-invoice,dynamic_query_suffix_action_or_helper_needs_expansion,Unresolved static mapping is not a bug verdict or proof of runtime failure
frontend/src/features/finance/interco/IntercoView.jsx,133,post,${API}/interco/transactions/${doc.id}/${action},dynamic_query_suffix_action_or_helper_needs_expansion,Unresolved static mapping is not a bug verdict or proof of runtime failure
frontend/src/features/finance/interco/IntercoView.jsx,149,post,${API}/interco/returns/${ret.id}/${action},dynamic_query_suffix_action_or_helper_needs_expansion,Unresolved static mapping is not a bug verdict or proof of runtime failure
frontend/src/features/hr/EmployeeSelfService.jsx,54,post,${API}/hr/attendance/${action},dynamic_query_suffix_action_or_helper_needs_expansion,Unresolved static mapping is not a bug verdict or proof of runtime failure
frontend/src/features/pettycash/CashAdvanceDetail.jsx,41,post,${API}/cash-advances/${ca.id}/${path},dynamic_query_suffix_action_or_helper_needs_expansion,Unresolved static mapping is not a bug verdict or proof of runtime failure
frontend/src/features/pettycash/SettlementsView.jsx,162,post,${API}/cash-advance-settlements/${stl.id}/${path},dynamic_query_suffix_action_or_helper_needs_expansion,Unresolved static mapping is not a bug verdict or proof of runtime failure
frontend/src/features/production/ProductionView.jsx,117,post,${API}/production/work-orders/${wo.id}/${action},dynamic_query_suffix_action_or_helper_needs_expansion,Unresolved static mapping is not a bug verdict or proof of runtime failure
frontend/src/features/purchasing/PurchaseRequisitionDetailPanel.jsx,39,post,${API}/purchase-requisitions/${pr.id}${path},dynamic_query_suffix_action_or_helper_needs_expansion,Unresolved static mapping is not a bug verdict or proof of runtime failure
frontend/src/features/purchasing/contrabon/ContraBonDetailPanel.jsx,66,post,${API}/contra-bons/${cb.id}/${action},dynamic_query_suffix_action_or_helper_needs_expansion,Unresolved static mapping is not a bug verdict or proof of runtime failure
frontend/src/features/purchasing/contrabon/ReasonNoteModal.jsx,47,post,${API}/contra-bons/${cb.id}/${kind},dynamic_query_suffix_action_or_helper_needs_expansion,Unresolved static mapping is not a bug verdict or proof of runtime failure
frontend/src/features/rfid/RfidSecurityPanel.jsx,39,post,${API}/rfid/incidents/${inc.id}/${action},dynamic_query_suffix_action_or_helper_needs_expansion,Unresolved static mapping is not a bug verdict or proof of runtime failure
frontend/src/features/rnd/rndApi.js,122,post,${API}/design-gallery/${id}/lifecycle/${action},dynamic_query_suffix_action_or_helper_needs_expansion,Unresolved static mapping is not a bug verdict or proof of runtime failure
frontend/src/features/sales/ColorUseRequestsPanel.jsx,21,post,${API}/color-library/use-requests/${row.id}/${action},dynamic_query_suffix_action_or_helper_needs_expansion,Unresolved static mapping is not a bug verdict or proof of runtime failure
frontend/src/features/sales/mobile/MobileMdViews.jsx,153,post,${API}/design-requests/${id}/${path},dynamic_query_suffix_action_or_helper_needs_expansion,Unresolved static mapping is not a bug verdict or proof of runtime failure
frontend/src/features/wms/InboundScanInterface.jsx,116,get,${API}/inbound/tasks${params},dynamic_query_suffix_action_or_helper_needs_expansion,Unresolved static mapping is not a bug verdict or proof of runtime failure
frontend/src/features/wms/OutboundScanInterface.jsx,74,get,${API}/outbound/tasks${params},dynamic_query_suffix_action_or_helper_needs_expansion,Unresolved static mapping is not a bug verdict or proof of runtime failure
frontend/src/features/wms/TransferManagement.jsx,68,get,${API}/transfers${params},dynamic_query_suffix_action_or_helper_needs_expansion,Unresolved static mapping is not a bug verdict or proof of runtime failure
frontend/src/features/wms/grn/grnApi.js,66,post,${GRN}/${id}/${path},dynamic_query_suffix_action_or_helper_needs_expansion,Unresolved static mapping is not a bug verdict or proof of runtime failure
frontend/src/features/wms/grn/grnApi.js,67,patch,${GRN}/${id}/${path},dynamic_query_suffix_action_or_helper_needs_expansion,Unresolved static mapping is not a bug verdict or proof of runtime failure
frontend/src/features/wms/grn/grnApi.js,68,delete,${GRN}/${id}/${path},dynamic_query_suffix_action_or_helper_needs_expansion,Unresolved static mapping is not a bug verdict or proof of runtime failure
frontend/src/features/wms/inventory/RollHoldControl.jsx,22,post,${API}/inventory/rolls/${roll.id}/${mode},dynamic_query_suffix_action_or_helper_needs_expansion,Unresolved static mapping is not a bug verdict or proof of runtime failure
frontend/src/hooks/useAppActions.js,132,get,${API}/dashboard${eq},dynamic_query_suffix_action_or_helper_needs_expansion,Unresolved static mapping is not a bug verdict or proof of runtime failure
frontend/src/hooks/useAppActions.js,140,get,${API}/notifications/unread-count${eq},dynamic_query_suffix_action_or_helper_needs_expansion,Unresolved static mapping is not a bug verdict or proof of runtime failure
frontend/src/hooks/useAppActions.js,141,get,${API}/settings/effective${eq},dynamic_query_suffix_action_or_helper_needs_expansion,Unresolved static mapping is not a bug verdict or proof of runtime failure
frontend/src/hooks/useAppActions.js,149,get,${API}/rnd/meta${eq},dynamic_query_suffix_action_or_helper_needs_expansion,Unresolved static mapping is not a bug verdict or proof of runtime failure
frontend/src/hooks/useAppActions.js,403,post,${API}${path},dynamic_query_suffix_action_or_helper_needs_expansion,Unresolved static mapping is not a bug verdict or proof of runtime failure
frontend/src/hooks/useAppActions.js,497,post,${API}/${resource},dynamic_query_suffix_action_or_helper_needs_expansion,Unresolved static mapping is not a bug verdict or proof of runtime failure
frontend/src/hooks/useAppActions.js,510,patch,${API}/${resource}/${id},dynamic_query_suffix_action_or_helper_needs_expansion,Unresolved static mapping is not a bug verdict or proof of runtime failure
frontend/src/hooks/useAppActions.js,523,delete,${API}/${resource}/${id},dynamic_query_suffix_action_or_helper_needs_expansion,Unresolved static mapping is not a bug verdict or proof of runtime failure
frontend/src/hooks/useAppActions.js,561,get,${API}/master-data/${endpoint},dynamic_query_suffix_action_or_helper_needs_expansion,Unresolved static mapping is not a bug verdict or proof of runtime failure
frontend/src/hooks/useAppActions.js,616,post,${API}/document-templates/${templateId}/preview,confirmed_ui_contract_D4-DOC-01,Original API404 plus reachable caller and original JS verified
frontend/src/hooks/useAppActions.js,689,get,${API}/notifications/unread-count${eq},dynamic_query_suffix_action_or_helper_needs_expansion,Unresolved static mapping is not a bug verdict or proof of runtime failure
frontend/src/hooks/useAppActions.js,726,post,${API}/notifications/read-all${eq},dynamic_query_suffix_action_or_helper_needs_expansion,Unresolved static mapping is not a bug verdict or proof of runtime failure
frontend/src/hooks/usePagedList.js,64,get,${API}${endpoint},dynamic_query_suffix_action_or_helper_needs_expansion,Unresolved static mapping is not a bug verdict or proof of runtime failure
frontend/src/hooks/usePagedList.js,121,get,${API}${endpoint},dynamic_query_suffix_action_or_helper_needs_expansion,Unresolved static mapping is not a bug verdict or proof of runtime failure
