group,script,id,invariant,actual,triage,note,log,independent_bug_confirmed
core,audit/iterations/2026-10-06-P07-dispatch-identity-reversal/repro_p07.py,RF-05,bagian RF-05 crash,"HTTPException(status_code=422, detail='Roll tanpa tag wajib RFID — pengecualian lewat label butuh alasan (min. 5 karakter).')",fixture_violates_current_tag_prerequisite,Original fixture tanpa tag ditolak422. Kebutuhan bisnis pengguna mewajibkan semua barang bertag; fixture ini belum menguji flow sah setelah verifikasi RFID.,test-logs\core-06-repro_p07.log,NO
extended,audit/iterations/2026-09-30-P01-scope-batch2/repro_p01_batch2.py,RF-09,multi-entity count session is scannable by its creator scope,"HTTPException(status_code=404, detail='Sesi verifikasi tidak ditemukan')",unresolved_contract_or_product_hypothesis,Perlu fixture dan kontrak sah yang independen sebelum diberi status bug atau fixed.,test-logs\extended-02-repro_p01_batch2.log,NO
extended,audit/iterations/2026-10-02-P14-coverage-uat/repro_p14b_cases.py,DESIGN-01,status permintaan mengikuti desain: diajukan → revisi → disetujui,in_progress→delivered→delivered→delivered http 200/403/400/403,unresolved_contract_or_product_hypothesis,Perlu fixture dan kontrak sah yang independen sebelum diberi status bug atau fixed.,test-logs\extended-06-repro_p14b_cases.log,NO
extended,audit/iterations/2026-10-02-P14-coverage-uat/repro_p14b_cases.py,DESIGN-01,nilai ACC tersimpan & lebih dari satu versi/riwayat revisi,"{'status': 'pending_approval', 'score': None, 'version': 1}",unresolved_contract_or_product_hypothesis,Perlu fixture dan kontrak sah yang independen sebelum diberi status bug atau fixed.,test-logs\extended-06-repro_p14b_cases.log,NO
extended,audit/iterations/2026-10-02-P14-coverage-uat/repro_p14b_cases.py,DESIGN,eksekusi skenario,KeyError('id'),fixture_or_upstream_block,Objek/response prerequisite tidak tersedia; sumber kegagalan pertama perlu diperbaiki pada fixture.,test-logs\extended-06-repro_p14b_cases.log,NO
extended,audit/iterations/2026-10-02-P14-coverage-uat/repro_p14b_cases.py,AUTH-05,eksekusi skenario,KeyError('matrix'),fixture_or_upstream_block,Objek/response prerequisite tidak tersedia; sumber kegagalan pertama perlu diperbaiki pada fixture.,test-logs\extended-06-repro_p14b_cases.log,NO
extended,audit/iterations/2026-10-02-P14-coverage-uat/repro_p14_history.py,AUDIT-01,riwayat product: nilai lama → baru hanya field yang diubah,400 diff=None,unresolved_contract_or_product_hypothesis,Perlu fixture dan kontrak sah yang independen sebelum diberi status bug atau fixed.,test-logs\extended-07-repro_p14_history.log,NO
extended,audit/iterations/2026-10-02-P14-coverage-uat/repro_p14_history.py,AUDIT-02,karyawan uji tersedia,tidak ada karyawan bergaji,fixture_or_upstream_block,Objek/response prerequisite tidak tersedia; sumber kegagalan pertama perlu diperbaiki pada fixture.,test-logs\extended-07-repro_p14_history.log,NO
extended,audit/iterations/2026-10-03-P17-planned-coverage/repro_p17e.py,COMM-05,harga efektif = record terakhir dibuat (sumber kanonik),"(170200.0, 'cpr_fd61c019ea29', 'cpr_612294717466')",oracle_tie_break_contract_needs_review,"Tes memilih max(created_at) saja. Helper kanonis pick_best memakai valid_from, created_at, id; pada timestamp sama tie-break berbeda. Tidak dicatat sebagai bug harga tanpa fixture timestamp unik dan oracle kontrak yang sama.",test-logs\extended-12-repro_p17e.log,NO
extended,audit/iterations/2026-10-03-P17-planned-coverage/repro_p17i.py,HARNESS,Script stopped before cases were printed,"^^^^^^^^^^^^^^^^^^^^^^^^^^^^^
  File ""C:\Users\abc\.cache\codex-runtimes\codex-primary-runtime\dependencies\python\Lib\asyncio\base_events.py"", line 691, in run_until_complete
    return future.result()
           ^^^^^^^^^^^^^^^
  File ""C:\Users\abc\Documents\Codex\2026-09-28\sya\outputs\data-flow-audit-2026-10-05\latest\agent-regression-copies\audit\iterations\2026-10-03-P17-planned-coverage\repro_p17i.py"", line 80, in main
    await db.business_entities.replace_one({""id"": ARC}, snap)
  File ""C:\Users\abc\.cache\codex-runtimes\codex-primary-runtime\dependencies\python\Lib\concurrent\futures\thread.py"", line 59, in run
    result = self.fn(*self.args, **self.kwargs)
             ^^^^^^^^^^^^^^^^^^^^^^^^^^^^^^^^^^
  File ""C:\Users\abc\Documents\Codex\2026-09-28\sya\work\integration_env\Lib\site-packages\pymongo\collection.py"", line 968, in replace_one
    common.validate_ok_for_replace(replacement)
  File ""C:\Users\abc\Documents\Codex\2026-09-28\sya\work\integration_env\Lib\site-packages\pymongo\common.py"", line 600, in validate_ok_for_replace
    validate_is_mapping(""replacement"", replacement)
  File ""C:\Users\abc\Documents\Codex\2026-09-28\sya\work\integration_env\Lib\site-packages\pymongo\common.py"", line 542, in validate_is_mapping
    raise TypeError(
TypeError: replacement must be an instance of dict, bson.son.SON, or any other type that inherits from collections.Mapping
",timeout_or_fixture_cleanup_error,p17i restore None berasal dari entitas hardcoded yang tidak ada; p18a timeout meninggalkan flow tanpa verdict. Tidak diklaim pass.,test-logs\extended-16-repro_p17i.log,NO
extended,audit/iterations/2026-10-03-P17-planned-coverage/repro_p17j.py,OCR-REAL,eksekusi skenario,OSError('cannot open resource'),harness_environment,Font/path lingkungan Windows; belum membuktikan kegagalan logika aplikasi.,test-logs\extended-17-repro_p17j.log,NO
extended,audit/iterations/2026-10-03-P18-partial-coverage/repro_p18a.py,HARNESS,Script stopped before cases were printed,,timeout_or_fixture_cleanup_error,p17i restore None berasal dari entitas hardcoded yang tidak ada; p18a timeout meninggalkan flow tanpa verdict. Tidak diklaim pass.,test-logs\extended-18-repro_p18a.log,NO
extended,audit/iterations/2026-10-03-P18-partial-coverage/repro_p18b.py,MASTER-01,UOM terpakai: ganti kode/faktor/hapus alias terpakai ('yard') → 409; ganti nama → 200,"(403, 403, 403, 403, '{""detail"":""Permission ditolak: uom.update""}')",upstream_permission_or_fixture_block,403 menghalangi aksi awal; efek downstream tidak terjadi. Periksa role/permisinya pada kebijakan terbaru. Jangan melemahkan guard untuk membuat tes hijau.,test-logs\extended-19-repro_p18b.log,NO
extended,audit/iterations/2026-10-03-P18-partial-coverage/repro_p18b.py,MASTER-01,produk dipakai SO: ubah nama/harga 200 tapi baris SO tetap snapshot; ganti SKU 409; base_unit beda induk 400,"(200, 403, 403, 403, 'Endek Bali Rangrang')",upstream_permission_or_fixture_block,403 menghalangi aksi awal; efek downstream tidak terjadi. Periksa role/permisinya pada kebijakan terbaru. Jangan melemahkan guard untuk membuat tes hijau.,test-logs\extended-19-repro_p18b.log,NO
extended,audit/iterations/2026-10-03-P18-partial-coverage/repro_p18b.py,P18B,eksekusi,"TypeError(""'NoneType' object is not subscriptable"")",upstream_permission_or_fixture_block,403 menghalangi aksi awal; efek downstream tidak terjadi. Periksa role/permisinya pada kebijakan terbaru. Jangan melemahkan guard untuk membuat tes hijau.,test-logs\extended-19-repro_p18b.log,NO
extended,audit/iterations/2026-10-03-P18-partial-coverage/repro_p18b.py,MASTER-02,master berlapis (semua jenis): override & ubah di KSC tidak mengubah Kanda maupun baris global,"{'lulus': [], 'gagal': [('payment-terms', 'override', 403, '{""detail"":""Permission ditolak: settings.manage""}'), ('document-templates', 'override', 403, '{""detail"":""Permission ditolak: settings.manage""}'), ('product-lines', 'override', 403, '{""detail"":""Permission ditolak: settings.manage""}'), ('proce",upstream_permission_or_fixture_block,403 menghalangi aksi awal; efek downstream tidak terjadi. Periksa role/permisinya pada kebijakan terbaru. Jangan melemahkan guard untuk membuat tes hijau.,test-logs\extended-19-repro_p18b.log,NO
extended,audit/iterations/2026-10-03-P18-partial-coverage/repro_p18b.py,MASTER-03,master berlapis: lepas override (DELETE) → KSC kembali ke nilai global,[],upstream_permission_or_fixture_block,403 menghalangi aksi awal; efek downstream tidak terjadi. Periksa role/permisinya pada kebijakan terbaru. Jangan melemahkan guard untuk membuat tes hijau.,test-logs\extended-19-repro_p18b.log,NO
extended,audit/iterations/2026-10-03-P18-partial-coverage/repro_p18b.py,MASTER-03,config global → override KSC (Kanda tetap global) → clear KSC = ikut global; clear lapisan Global ditolak 400,"{'lulus': [], 'gagal': [('tax.dpp_nilai_lain', 403, 403, 403, 403, True, True, True, True, True), ('tax.efaktur_enabled', 403, 403, 403, 403, True, True, True, True, True), ('finance.fiscal_year_end_month', 403, 403, 403, 403, 12, 12, 12, 12, 12), ('sales.allow_item_discount', 403, 403, 403, 403, Fa",upstream_permission_or_fixture_block,403 menghalangi aksi awal; efek downstream tidak terjadi. Periksa role/permisinya pada kebijakan terbaru. Jangan melemahkan guard untuk membuat tes hijau.,test-logs\extended-19-repro_p18b.log,NO
extended,audit/iterations/2026-10-03-P18-partial-coverage/repro_p18b.py,MASTER-02,config override KSC tidak terbaca di Kanda,[],upstream_permission_or_fixture_block,403 menghalangi aksi awal; efek downstream tidak terjadi. Periksa role/permisinya pada kebijakan terbaru. Jangan melemahkan guard untuk membuat tes hijau.,test-logs\extended-19-repro_p18b.log,NO
extended,audit/iterations/2026-10-03-P18-partial-coverage/repro_p18b.py,MASTER-05,preview menghitung referensi (SO); sales 403; tanpa alasan 400; lintas PT ditolak,"(403, '{""detail"":""Permission ditolak: customer.delete""}', 403, 400, 403)",upstream_permission_or_fixture_block,403 menghalangi aksi awal; efek downstream tidak terjadi. Periksa role/permisinya pada kebijakan terbaru. Jangan melemahkan guard untuk membuat tes hijau.,test-logs\extended-19-repro_p18b.log,NO
extended,audit/iterations/2026-10-03-P18-partial-coverage/repro_p18b.py,MASTER-05,"merge: SO pindah ke target, sumber status merged + merged_into, alamat sumber ditambahkan, pemilik target tetap","(403, '{""detail"":""Permission ditolak: customer.delete""}')",upstream_permission_or_fixture_block,403 menghalangi aksi awal; efek downstream tidak terjadi. Periksa role/permisinya pada kebijakan terbaru. Jangan melemahkan guard untuk membuat tes hijau.,test-logs\extended-19-repro_p18b.log,NO
extended,audit/iterations/2026-10-03-P18-partial-coverage/repro_p18b.py,MASTER-05,"merge ulang 409 (idempoten), 0 dokumen tersisa di sumber, SO baru ke pelanggan merged ditolak","(403, 1, 200, '{""id"":""so_037b09c64120"",""number"":""KSC/SO-00013"",""status"":""reserved"",""entity_id"":""ent_ksc"",""customer_')",upstream_permission_or_fixture_block,403 menghalangi aksi awal; efek downstream tidak terjadi. Periksa role/permisinya pada kebijakan terbaru. Jangan melemahkan guard untuk membuat tes hijau.,test-logs\extended-19-repro_p18b.log,NO
extended,audit/iterations/2026-10-03-P18-partial-coverage/repro_p18b.py,COMM-01,duplikat pelanggan digabung dengan jejak audit (alasan) & owner target dipertahankan,False,upstream_permission_or_fixture_block,403 menghalangi aksi awal; efek downstream tidak terjadi. Periksa role/permisinya pada kebijakan terbaru. Jangan melemahkan guard untuk membuat tes hijau.,test-logs\extended-19-repro_p18b.log,NO
extended,audit/iterations/2026-10-03-P18-partial-coverage/repro_p18c.py,PRET-03,"RMA ber-PPN → refund: grand_total = net + PPN, kas masuk = jurnal Dr Kas = grand_total, PPN masukan dibalik","{'steps': [404, 404, 404], 'err': '{""detail"":""Retur tidak ditemukan""}', 'gross': 0.0, 'ppn': None, 'cash': None, 'kas_je': 0, 'ppn_je': 0}",unresolved_contract_or_product_hypothesis,Perlu fixture dan kontrak sah yang independen sebelum diberi status bug atau fixed.,test-logs\extended-20-repro_p18c.log,NO
extended,audit/iterations/2026-10-03-P18-partial-coverage/repro_p18c.py,P18C,eksekusi pret03,"AttributeError(""'NoneType' object has no attribute 'get'"")",fixture_or_upstream_block,Objek/response prerequisite tidak tersedia; sumber kegagalan pertama perlu diperbaiki pada fixture.,test-logs\extended-20-repro_p18c.log,NO
extended,audit/iterations/2026-10-03-P18-partial-coverage/repro_p18d.py,P18D,eksekusi,"AttributeError(""'NoneType' object has no attribute 'get'"")",fixture_or_upstream_block,Objek/response prerequisite tidak tersedia; sumber kegagalan pertama perlu diperbaiki pada fixture.,test-logs\extended-21-repro_p18d.log,NO
extended,audit/iterations/2026-10-03-P18-partial-coverage/repro_p18e.py,INV-03,"stok bergerak sesudah dihitung (retur 1 yd) → approve 409, stok tidak disesuaikan","(404, 320.0, 320.0, 200, '{""id"":""cc_25eef4c553ac"",""entity_id"":""ent_ksc"",""warehouse_id"":""wh_jakarta"",""warehouse_name"":""Gudang Jakarta Utara"",""wareh')",upstream_stock_change_not_executed,Retur yang dimaksud mengubah stok mendapat 404. Stok tidak bergerak; approve awal tidak membuktikan stale-count guard gagal. Langkah sesudahnya memakai sesi yang sudah approved.,test-logs\extended-22-repro_p18e.log,NO
extended,audit/iterations/2026-10-03-P18-partial-coverage/repro_p18e.py,INV-03,"hitung ulang (reopen): sesi open, expected = stok terkini, item wajib dihitung lagi (submit 400)","(400, '{""detail"":""Hanya sesi yang sudah disubmit/ditolak yang bisa dibuka kembali""}', 400)",upstream_stock_change_not_executed,Retur yang dimaksud mengubah stok mendapat 404. Stok tidak bergerak; approve awal tidak membuktikan stale-count guard gagal. Langkah sesudahnya memakai sesi yang sudah approved.,test-logs\extended-22-repro_p18e.log,NO
extended,audit/iterations/2026-10-03-P18-partial-coverage/repro_p18e.py,INV-03,"approve 3× bersamaan → tepat 1 sukses, stok turun tepat 2 (sekali), sesi approved","([400, 400, 400], 320.0, 318.0, 'approved')",upstream_stock_change_not_executed,Retur yang dimaksud mengubah stok mendapat 404. Stok tidak bergerak; approve awal tidak membuktikan stale-count guard gagal. Langkah sesudahnya memakai sesi yang sudah approved.,test-logs\extended-22-repro_p18e.log,NO
extended,audit/iterations/2026-10-03-P18-partial-coverage/repro_p18f.py,INV-04,"approve antar-PT → completed, 2 buku berjurnal seimbang; Persediaan sumber turun = naik di tujuan; IC-AR (1-1250) = IC-AP; roll milik tujuan","{'res': (403, '{""detail"":""Permission ditolak: order.create""}'), 'ap': (403, '{""detail"":""Permission ditolak: transfer.approve""}'), 'src': {}, 'dst': {}, 'moved': 1}",upstream_permission_or_fixture_block,403 menghalangi aksi awal; efek downstream tidak terjadi. Periksa role/permisinya pada kebijakan terbaru. Jangan melemahkan guard untuk membuat tes hijau.,test-logs\extended-23-repro_p18f.log,NO
extended,audit/iterations/2026-10-03-P18-partial-coverage/repro_p18f.py,INV-04,neraca saldo kedua PT tetap seimbang sesudah transfer,"{'ent_ksc': (200, 0.0), 'ent_kanda': (403, 0.0)}",unresolved_contract_or_product_hypothesis,Perlu fixture dan kontrak sah yang independen sebelum diberi status bug atau fixed.,test-logs\extended-23-repro_p18f.log,NO
extended,audit/iterations/2026-10-03-P18-partial-coverage/repro_p18f.py,DOC-02,hak akses ekspor: desainer 403; finance KSC-saja minta PT lain 403 (laporan & harga pelanggan),"(200, 403, 400)",unresolved_contract_or_product_hypothesis,Perlu fixture dan kontrak sah yang independen sebelum diberi status bug atau fixed.,test-logs\extended-23-repro_p18f.log,NO
extended,audit/iterations/2026-10-03-P18-partial-coverage/repro_p18f.py,DOC-02,ekspor daftar (inspeksi) berhasil dengan tipe unduhan & nama berkas,"(403, 'application/json')",unresolved_contract_or_product_hypothesis,Perlu fixture dan kontrak sah yang independen sebelum diberi status bug atau fixed.,test-logs\extended-23-repro_p18f.log,NO
extended,audit/iterations/2026-10-04-P20-partial-api/repro_p20e.py,RUN,eksekusi hr01,"TypeError(""'NoneType' object is not subscriptable"")",fixture_or_upstream_block,Objek/response prerequisite tidak tersedia; sumber kegagalan pertama perlu diperbaiki pada fixture.,test-logs\extended-31-repro_p20e.log,NO
extended,audit/iterations/2026-10-04-P20-partial-api/repro_p20e.py,RUN,eksekusi hr03_hr05,"AssertionError('POST http://127.0.0.1:8009/api/hr/payroll/runs → 400 {""detail"":""Tidak ada karyawan aktif pada entitas ini.""}')",fixture_or_upstream_block,Objek/response prerequisite tidak tersedia; sumber kegagalan pertama perlu diperbaiki pada fixture.,test-logs\extended-31-repro_p20e.log,NO
extended,audit/iterations/2026-10-04-P21-partial-api/repro_p21.py,OPS-02,putaran ke-2 (retry) tanpa efek baru di dokumen bisnis/notifikasi,{'finance_case_scan': {'notifications': 1}},notification_growth_not_sufficient_duplicate_oracle,Continuation probe menjalankan scanner tiga kali: target case escalation_level1→2→2 sesuai manager→admin. Tambahan notifikasi antarlevel memang dirancang. Assertion zero growth pada seluruh jobs terlalu luas; bukan confirmed duplication dan bukan klaim seluruh scanner bebas race.,test-logs\extended-33-repro_p21.log,NO
extended,audit/iterations/2026-10-04-P21-partial-api/repro_p21.py,OPS-02,harness,"NotADirectoryError(20, 'The directory name is invalid', None, 267, None)",harness_environment,Font/path lingkungan Windows; belum membuktikan kegagalan logika aplikasi.,test-logs\extended-33-repro_p21.log,NO
extended,audit/iterations/2026-10-09-P16-close-coverage/repro_p16.py,SALE-01,pick → potong → verifikasi label → kirim: SO shipped + surat jalan,[400] picked,upstream_shipping_block,Pengiriman awal berhenti pada 400 dan SO tetap picked/partially_picked. Tidak sah menyimpulkan jurnal shipping salah atau cancelled-after-shipped dari state yang belum shipped.,test-logs\extended-35-repro_p16.log,NO
extended,audit/iterations/2026-10-09-P16-close-coverage/repro_p16.py,SALE-01,"jurnal pengakuan: Piutang = grand, Pendapatan = net, PPN Keluaran = PPN SO","{'ar': 0.0, 'rev': 0.0, 'ppn': 0.0} vs grand=3108000.0",upstream_shipping_block,Pengiriman awal berhenti pada 400 dan SO tetap picked/partially_picked. Tidak sah menyimpulkan jurnal shipping salah atau cancelled-after-shipped dari state yang belum shipped.,test-logs\extended-35-repro_p16.log,NO
extended,audit/iterations/2026-10-09-P16-close-coverage/repro_p16.py,SALE-01,HPP terposting; tak ada sisa reservasi; roll terkirim in_transit_sales Σ=10; panjang bebas −10,"cogs=0 held=1 lres=0 sold=[{'length_remaining': 10.0, 'status': 'committed'}] free 255.0→245.0",upstream_shipping_block,Pengiriman awal berhenti pada 400 dan SO tetap picked/partially_picked. Tidak sah menyimpulkan jurnal shipping salah atau cancelled-after-shipped dari state yang belum shipped.,test-logs\extended-35-repro_p16.log,NO
extended,audit/iterations/2026-10-09-P16-close-coverage/repro_p16.py,SALE-01,"kiriman parsial: status partially_shipped, Piutang = porsi baris terkirim, baris lain tetap dipesan",partially_picked ar=0.0 exp=1554000.0 res=1,upstream_shipping_block,Pengiriman awal berhenti pada 400 dan SO tetap picked/partially_picked. Tidak sah menyimpulkan jurnal shipping salah atau cancelled-after-shipped dari state yang belum shipped.,test-logs\extended-35-repro_p16.log,NO
extended,audit/iterations/2026-10-09-P16-close-coverage/repro_p16.py,SALE-03,SO terkirim sebagian tidak bisa dibatalkan (409),200,upstream_shipping_block,Pengiriman awal berhenti pada 400 dan SO tetap picked/partially_picked. Tidak sah menyimpulkan jurnal shipping salah atau cancelled-after-shipped dari state yang belum shipped.,test-logs\extended-35-repro_p16.log,NO
extended,audit/iterations/2026-10-09-P16-close-coverage/repro_p16.py,SALE-01,"setelah kiriman terakhir: shipped, Σ Piutang = grand, Σ PPN = PPN SO (tanpa selisih pembulatan)","cancelled {'ar': 0.0, 'rev': 0.0, 'ppn': 0.0} grand=2740312.5 je=0",upstream_shipping_block,Pengiriman awal berhenti pada 400 dan SO tetap picked/partially_picked. Tidak sah menyimpulkan jurnal shipping salah atau cancelled-after-shipped dari state yang belum shipped.,test-logs\extended-35-repro_p16.log,NO
extended,audit/iterations/2026-10-09-P16-close-coverage/repro_p16.py,DESIGN,eksekusi skenario,KeyError('id'),fixture_or_upstream_block,Objek/response prerequisite tidak tersedia; sumber kegagalan pertama perlu diperbaiki pada fixture.,test-logs\extended-35-repro_p16.log,NO
